DISTRICT,STATE_ABBR,STATE,ELECTION_YEAR,CLASS_OR_OFFICE,IE_LIVE_RATING,RATING_NUMERIC,IE_LIVE_SIGNED,IE_PREVIOUS_RATING,IE_SHIFT,FLIPPED,IE_RATING_DATE,IE_INCUMBENT_NAME,IE_INCUMBENT_PARTY,IE_OPEN,IE_SPECIAL,NOTE
TX-15,TX,Texas,2026,House,Tilt Republican,7,-1.0,Lean Republican,left,False,2026-08-20T13:25:00-05:00,Monica De La Cruz,R,False,False,
SC-01,SC,South Carolina,2026,House,Likely Republican,9,-3.0,Solid Republican,left,False,2026-08-20T13:24:00-05:00,Nancy Mace,R,True,False,
NV-02,NV,Nevada,2026,House,Likely Republican,9,-3.0,Solid Republican,left,False,2026-08-20T13:23:00-05:00,Mark Amodei,R,True,False,
KY-06,KY,Kentucky,2026,House,Likely Republican,9,-3.0,Solid Republican,left,False,2026-08-20T13:22:00-05:00,Andy Barr,R,True,False,
NJ-09,NJ,New Jersey,2026,House,Likely Democrat,1,3.0,Lean Democrat,left,False,2026-08-20T13:22:00-05:00,Nelida Pou,D,False,False,
CO-05,CO,Colorado,2026,House,Lean Republican,8,-2.0,Likely Republican,left,False,2026-08-20T13:21:00-05:00,Jeff Crank,R,False,False,
CA-21,CA,California,2026,House,Solid Democrat,0,4.0,Likely Democrat,left,False,2026-08-20T13:20:00-05:00,Jim Costa,D,False,False,
CA-45,CA,California,2026,House,Lean Democrat,2,2.0,Tilt Democrat,left,False,2026-08-20T13:20:00-05:00,Derek Tran,D,False,False,
OH-07,OH,Ohio,2026,House,Toss-up,5,0.0,Lean Republican,left,False,2026-08-10T19:27:42-05:00,Max Miller,R,False,False,
IA-02,IA,Iowa,2026,House,Lean Republican,8,-2.0,Likely Republican,left,False,2026-08-06T13:20:00-05:00,Ashley Hinson,R,True,False,
IA-03,IA,Iowa,2026,House,Toss-up,5,0.0,Tilt Republican,left,False,2026-08-06T13:20:00-05:00,Zach Nunn,R,False,False,
MI-08,MI,Michigan,2026,House,Solid Democrat,0,4.0,Likely Democrat,left,False,2026-08-06T13:20:00-05:00,Kristen McDonald Rivet,D,False,False,
PA-17,PA,Pennsylvania,2026,House,Solid Democrat,0,4.0,Likely Democrat,left,False,2026-06-12T13:55:04-05:00,Deluzio,D,False,False,
IN-01,IN,Indiana,2026,House,Likely Democrat,1,3.0,Lean Democrat,left,False,2026-06-12T13:52:16-05:00,Mrvan,D,False,False,
NC-11,NC,North Carolina,2026,House,Lean Republican,8,-2.0,Likely Republican,left,False,2026-06-12T13:48:16-05:00,Edwards,R,True,False,Edwards withdrew following a House Ethics Committee investigation.
CA-06,CA,California,2026,House,Lean Democrat,2,2.0,Likely Democrat,right,True,2026-06-12T13:47:11-05:00,Bera running in CA-03,D,True,False,
OH-01,OH,Ohio,2026,House,Tilt Democrat,3,1.0,Toss-up,left,False,2026-06-12T13:45:12-05:00,Landsman,D,False,False,
NJ-07,NJ,New Jersey,2026,House,Tilt Democrat,3,1.0,Toss-up,left,True,2026-06-12T13:44:04-05:00,Kean,R,False,False,
WI-03,WI,Wisconsin,2026,House,Toss-up,5,0.0,Tilt Republican,left,False,2026-06-12T13:42:12-05:00,Van Orden,R,False,False,
PA-08,PA,Pennsylvania,2026,House,Toss-up,5,0.0,Tilt Republican,left,False,2026-06-12T13:41:01-05:00,Bresnahan,R,False,False,
AL-02,AL,Alabama,2026,House,Likely Republican,9,-3.0,Solid Democrat,right,True,2026-06-04T09:36:05-05:00,Figures,D,False,False,
LA-06,LA,Louisiana,2026,House,Solid Republican,10,-4.0,Solid Democrat,right,True,2026-06-04T09:33:58-05:00,Fields,D,True,False,
VA-07,VA,Virginia,2026,House,Likely Democrat,1,3.0,Lean Democrat,left,False,2026-05-21T21:00:34-05:00,Eugene Vindman,D,False,False,
PA-10,PA,Pennsylvania,2026,House,Toss-up,5,0.0,Tilt Republican,left,False,2026-05-21T20:58:39-05:00,Perry,R,False,False,
WA-03,WA,Washington,2026,House,Toss-up,5,0.0,Tilt Democrat,right,False,2026-05-21T20:56:46-05:00,Gluesenkamp Perez,D,False,False,
CA-01,CA,California,2026,House,Solid Democrat,0,4.0,Solid Democrat,no-change,True,2026-05-08T00:00:00-05:00,Gallagher,R,False,False,
CA-03,CA,California,2026,House,Solid Democrat,0,4.0,Solid Democrat,no-change,False,2026-05-08T00:00:00-05:00,Kiley running in CA-06,D,True,False,
CA-14,CA,California,2026,House,Solid Democrat,0,4.0,Solid Democrat,no-change,False,2026-05-08T00:00:00-05:00,Aisha Wahab,D,False,False,
CA-25,CA,California,2026,House,Solid Democrat,0,4.0,Solid Democrat,no-change,False,2026-05-08T00:00:00-05:00,Ruiz,D,False,False,
CA-26,CA,California,2026,House,Solid Democrat,0,4.0,Solid Democrat,no-change,False,2026-05-08T00:00:00-05:00,Brownley,D,True,False,
CA-47,CA,California,2026,House,Solid Democrat,0,4.0,Solid Democrat,no-change,False,2026-05-08T00:00:00-05:00,Min,D,False,False,
CA-48,CA,California,2026,House,Tilt Democrat,3,1.0,Tilt Democrat,no-change,True,2026-05-08T00:00:00-05:00,Issa,R,True,False,
CO-03,CO,Colorado,2026,House,Likely Republican,9,-3.0,Likely Republican,no-change,False,2026-05-08T00:00:00-05:00,Hurd,R,False,False,
FL-09,FL,Florida,2026,House,Likely Republican,9,-3.0,Solid Democrat,right,True,2026-05-08T00:00:00-05:00,Soto,D,False,False,
FL-11,FL,Florida,2026,House,Solid Republican,10,-4.0,Solid Republican,no-change,False,2026-05-08T00:00:00-05:00,Webster,R,True,False,
FL-14,FL,Florida,2026,House,Lean Republican,8,-2.0,Solid Democrat,right,True,2026-05-08T00:00:00-05:00,Castor,D,False,False,
FL-22,FL,Florida,2026,House,Tilt Republican,7,-1.0,Solid Democrat,right,True,2026-05-08T00:00:00-05:00,Frankel running in FL-23,D,True,False,
FL-23,FL,Florida,2026,House,Solid Democrat,0,4.0,Lean Democrat,left,False,2026-05-08T00:00:00-05:00,Moskowitz running in FL-25,D,True,False,
FL-25,FL,Florida,2026,House,Toss-up,5,0.0,Solid Democrat,right,False,2026-05-08T00:00:00-05:00,Wasserman Schultz running in FL-20,D,True,False,
FL-27,FL,Florida,2026,House,Likely Republican,9,-3.0,Likely Republican,no-change,False,2026-05-08T00:00:00-05:00,Salazar,R,False,False,
GA-14,GA,Georgia,2026,House,Solid Republican,10,-4.0,Solid Republican,no-change,False,2026-05-08T00:00:00-05:00,Fuller,R,False,False,
MI-03,MI,Michigan,2026,House,Likely Democrat,1,3.0,Likely Democrat,no-change,False,2026-05-08T00:00:00-05:00,Scholten,D,False,False,
MO-06,MO,Missouri,2026,House,Solid Republican,10,-4.0,Solid Republican,no-change,False,2026-05-08T00:00:00-05:00,S. Graves,R,True,False,
MT-01,MT,Montana,2026,House,Likely Republican,9,-3.0,Likely Republican,no-change,False,2026-05-08T00:00:00-05:00,Zinke,R,True,False,
NY-21,NY,New York,2026,House,Solid Republican,10,-4.0,Solid Republican,no-change,False,2026-05-08T00:00:00-05:00,Stefanik,R,True,False,
NC-01,NC,North Carolina,2026,House,Lean Republican,8,-2.0,Lean Republican,no-change,True,2026-05-08T00:00:00-05:00,Davis,D,False,False,
OH-13,OH,Ohio,2026,House,Solid Democrat,0,4.0,Solid Democrat,no-change,False,2026-05-08T00:00:00-05:00,Sykes,D,False,False,
OK-01,OK,Oklahoma,2026,House,Solid Republican,10,-4.0,Solid Republican,no-change,False,2026-05-08T00:00:00-05:00,Hern,R,True,False,
TN-05,TN,Tennessee,2026,House,Solid Republican,10,-4.0,Likely Republican,right,False,2026-05-08T00:00:00-05:00,Ogles,R,True,False,
TN-09,TN,Tennessee,2026,House,Solid Republican,10,-4.0,Solid Democrat,right,True,2026-05-08T00:00:00-05:00,Cohen,D,True,False,
TX-02,TX,Texas,2026,House,Solid Republican,10,-4.0,Solid Republican,no-change,False,2026-05-08T00:00:00-05:00,Crenshaw,R,True,False,
TX-23,TX,Texas,2026,House,Likely Republican,9,-3.0,Likely Republican,no-change,False,2026-05-08T00:00:00-05:00,VACANT,R,False,True,
UT-01,UT,Utah,2026,House,Solid Democrat,0,4.0,Solid Democrat,no-change,True,2026-05-08T00:00:00-05:00,Moore,R,True,False,
UT-02,UT,Utah,2026,House,Solid Republican,10,-4.0,Solid Republican,no-change,False,2026-05-08T00:00:00-05:00,Maloy running in UT-03,R,True,False,
UT-03,UT,Utah,2026,House,Solid Republican,10,-4.0,Solid Republican,no-change,False,2026-05-08T00:00:00-05:00,Kennedy running in UT-04,R,True,False,
UT-04,UT,Utah,2026,House,Solid Republican,10,-4.0,Solid Republican,no-change,False,2026-05-08T00:00:00-05:00,Burgess Owens,R,True,False,
WI-01,WI,Wisconsin,2026,House,Solid Republican,10,-4.0,Likely Republican,right,False,2026-03-12T16:14:51-05:00,Steil,R,False,False,
FL-02,FL,Florida,2026,House,Solid Republican,10,-4.0,Solid Republican,no-change,False,2026-02-05T05:55:48-05:00,Dunn,R,True,False,
FL-16,FL,Florida,2026,House,Solid Republican,10,-4.0,Solid Republican,no-change,False,2026-02-05T05:55:48-05:00,Buchanan,R,True,False,
GA-10,GA,Georgia,2026,House,Solid Republican,10,-4.0,Solid Republican,no-change,False,2026-02-05T05:55:48-05:00,Collins,R,True,False,
GA-11,GA,Georgia,2026,House,Solid Republican,10,-4.0,Solid Republican,no-change,False,2026-02-05T05:55:48-05:00,Loudermilk,R,True,False,
LA-05,LA,Louisiana,2026,House,Solid Republican,10,-4.0,Solid Republican,no-change,False,2026-02-05T05:55:48-05:00,Letlow,R,True,False,
MD-05,MD,Maryland,2026,House,Solid Democrat,0,4.0,Solid Democrat,no-change,False,2026-02-05T05:55:48-05:00,Hoyer,D,True,False,
NJ-11,NJ,New Jersey,2026,House,Solid Democrat,0,4.0,Solid Democrat,no-change,False,2026-02-05T05:55:48-05:00,Mejia,D,False,False,
SC-05,SC,South Carolina,2026,House,Solid Republican,10,-4.0,Solid Republican,no-change,False,2026-02-05T05:55:48-05:00,Norman,R,True,False,
TX-18,TX,Texas,2026,House,Solid Democrat,0,4.0,Solid Democrat,no-change,False,2026-02-05T05:55:48-05:00,Menefee,D,False,False,
TX-38,TX,Texas,2026,House,Solid Republican,10,-4.0,Solid Republican,no-change,False,2026-02-05T05:55:48-05:00,Wesley Hunt,R,True,False,
WY-AL,WY,Wyoming,2026,House,Solid Republican,10,-4.0,Solid Republican,no-change,False,2026-02-05T05:55:48-05:00,Harriet Hageman,R,True,False,
AL-01,AL,Alabama,2026,House,Solid Republican,10,-4.0,Solid Republican,no-change,False,2025-12-05T00:00:00-05:00,Moore,R,True,False,
AL-03,AL,Alabama,2026,House,Solid Republican,10,-4.0,Solid Republican,no-change,False,2025-12-05T00:00:00-05:00,M. Rogers,R,False,False,
AL-04,AL,Alabama,2026,House,Solid Republican,10,-4.0,Solid Republican,no-change,False,2025-12-05T00:00:00-05:00,Aderholt,R,False,False,
AL-05,AL,Alabama,2026,House,Solid Republican,10,-4.0,Solid Republican,no-change,False,2025-12-05T00:00:00-05:00,Strong,R,False,False,
AL-06,AL,Alabama,2026,House,Solid Republican,10,-4.0,Solid Republican,no-change,False,2025-12-05T00:00:00-05:00,Palmer,R,False,False,
AL-07,AL,Alabama,2026,House,Solid Democrat,0,4.0,Solid Democrat,no-change,False,2025-12-05T00:00:00-05:00,Sewell,D,False,False,
AK-AL,AK,Alaska,2026,House,Likely Republican,9,-3.0,Likely Republican,no-change,False,2025-12-05T00:00:00-05:00,Begich,R,False,False,
AZ-01,AZ,Arizona,2026,House,Toss-up,5,0.0,Toss-up,no-change,False,2025-12-05T00:00:00-05:00,Schweikert,R,True,False,
AZ-02,AZ,Arizona,2026,House,Likely Republican,9,-3.0,Likely Republican,no-change,False,2025-12-05T00:00:00-05:00,Crane,R,False,False,
AZ-03,AZ,Arizona,2026,House,Solid Democrat,0,4.0,Solid Democrat,no-change,False,2025-12-05T00:00:00-05:00,Ansari,D,False,False,
AZ-04,AZ,Arizona,2026,House,Solid Democrat,0,4.0,Solid Democrat,no-change,False,2025-12-05T00:00:00-05:00,Stanton,D,False,False,
AZ-05,AZ,Arizona,2026,House,Solid Republican,10,-4.0,Solid Republican,no-change,False,2025-12-05T00:00:00-05:00,Biggs,R,True,False,
AZ-06,AZ,Arizona,2026,House,Toss-up,5,0.0,Toss-up,no-change,False,2025-12-05T00:00:00-05:00,Ciscomani,R,False,False,
AZ-07,AZ,Arizona,2026,House,Solid Democrat,0,4.0,Solid Democrat,no-change,False,2025-12-05T00:00:00-05:00,Grijalva,D,False,False,
AZ-08,AZ,Arizona,2026,House,Solid Republican,10,-4.0,Solid Republican,no-change,False,2025-12-05T00:00:00-05:00,Hamadeh,R,False,False,
AR-01,AR,Arkansas,2026,House,Solid Republican,10,-4.0,Solid Republican,no-change,False,2025-12-05T00:00:00-05:00,Crawford,R,False,False,
AR-02,AR,Arkansas,2026,House,Solid Republican,10,-4.0,Solid Republican,no-change,False,2025-12-05T00:00:00-05:00,Hill,R,False,False,
AR-03,AR,Arkansas,2026,House,Solid Republican,10,-4.0,Solid Republican,no-change,False,2025-12-05T00:00:00-05:00,Womack,R,False,False,
AR-04,AR,Arkansas,2026,House,Solid Republican,10,-4.0,Solid Republican,no-change,False,2025-12-05T00:00:00-05:00,Westerman,R,False,False,
CA-02,CA,California,2026,House,Solid Democrat,0,4.0,Solid Democrat,no-change,False,2025-12-05T00:00:00-05:00,Huffman,D,False,False,
CA-04,CA,California,2026,House,Solid Democrat,0,4.0,Solid Democrat,no-change,False,2025-12-05T00:00:00-05:00,Thompson,D,False,False,
CA-05,CA,California,2026,House,Solid Republican,10,-4.0,Solid Republican,no-change,False,2025-12-05T00:00:00-05:00,McClintock,R,False,False,
CA-07,CA,California,2026,House,Solid Democrat,0,4.0,Solid Democrat,no-change,False,2025-12-05T00:00:00-05:00,Matsui,D,False,False,
CA-08,CA,California,2026,House,Solid Democrat,0,4.0,Solid Democrat,no-change,False,2025-12-05T00:00:00-05:00,Garamendi,D,False,False,
CA-09,CA,California,2026,House,Solid Democrat,0,4.0,Solid Democrat,no-change,False,2025-12-05T00:00:00-05:00,Harder,D,False,False,
CA-10,CA,California,2026,House,Solid Democrat,0,4.0,Solid Democrat,no-change,False,2025-12-05T00:00:00-05:00,DeSaulnier,D,False,False,
CA-11,CA,California,2026,House,Solid Democrat,0,4.0,Solid Democrat,no-change,False,2025-12-05T00:00:00-05:00,Pelosi,D,True,False,
CA-12,CA,California,2026,House,Solid Democrat,0,4.0,Solid Democrat,no-change,False,2025-12-05T00:00:00-05:00,Simon,D,False,False,
CA-13,CA,California,2026,House,Tilt Democrat,3,1.0,Tilt Democrat,no-change,False,2025-12-05T00:00:00-05:00,Gray,D,False,False,
CA-15,CA,California,2026,House,Solid Democrat,0,4.0,Solid Democrat,no-change,False,2025-12-05T00:00:00-05:00,Mullin,D,False,False,
CA-16,CA,California,2026,House,Solid Democrat,0,4.0,Solid Democrat,no-change,False,2025-12-05T00:00:00-05:00,Liccardo,D,False,False,
CA-17,CA,California,2026,House,Solid Democrat,0,4.0,Solid Democrat,no-change,False,2025-12-05T00:00:00-05:00,Khanna,D,False,False,
CA-18,CA,California,2026,House,Solid Democrat,0,4.0,Solid Democrat,no-change,False,2025-12-05T00:00:00-05:00,Lofgren,D,False,False,
CA-19,CA,California,2026,House,Solid Democrat,0,4.0,Solid Democrat,no-change,False,2025-12-05T00:00:00-05:00,Panetta,D,False,False,
CA-20,CA,California,2026,House,Solid Republican,10,-4.0,Solid Republican,no-change,False,2025-12-05T00:00:00-05:00,Fong,R,False,False,
CA-22,CA,California,2026,House,Tilt Republican,7,-1.0,Tilt Republican,no-change,False,2025-12-05T00:00:00-05:00,Valadao,R,False,False,
CA-23,CA,California,2026,House,Solid Republican,10,-4.0,Solid Republican,no-change,False,2025-12-05T00:00:00-05:00,Obernolte,R,False,False,
CA-24,CA,California,2026,House,Solid Democrat,0,4.0,Solid Democrat,no-change,False,2025-12-05T00:00:00-05:00,Carbajal,D,False,False,
CA-27,CA,California,2026,House,Solid Democrat,0,4.0,Solid Democrat,no-change,False,2025-12-05T00:00:00-05:00,Whitesides,D,False,False,
CA-28,CA,California,2026,House,Solid Democrat,0,4.0,Solid Democrat,no-change,False,2025-12-05T00:00:00-05:00,Chu,D,False,False,
CA-29,CA,California,2026,House,Solid Democrat,0,4.0,Solid Democrat,no-change,False,2025-12-05T00:00:00-05:00,Rivas,D,False,False,
CA-30,CA,California,2026,House,Solid Democrat,0,4.0,Solid Democrat,no-change,False,2025-12-05T00:00:00-05:00,Friedman,D,False,False,
CA-31,CA,California,2026,House,Solid Democrat,0,4.0,Solid Democrat,no-change,False,2025-12-05T00:00:00-05:00,Cisneros,D,False,False,
CA-32,CA,California,2026,House,Solid Democrat,0,4.0,Solid Democrat,no-change,False,2025-12-05T00:00:00-05:00,Sherman,D,False,False,
CA-33,CA,California,2026,House,Solid Democrat,0,4.0,Solid Democrat,no-change,False,2025-12-05T00:00:00-05:00,Aguilar,D,False,False,
CA-34,CA,California,2026,House,Solid Democrat,0,4.0,Solid Democrat,no-change,False,2025-12-05T00:00:00-05:00,Gomez,D,False,False,
CA-35,CA,California,2026,House,Solid Democrat,0,4.0,Solid Democrat,no-change,False,2025-12-05T00:00:00-05:00,Torres,D,False,False,
CA-36,CA,California,2026,House,Solid Democrat,0,4.0,Solid Democrat,no-change,False,2025-12-05T00:00:00-05:00,Lieu,D,False,False,
CA-37,CA,California,2026,House,Solid Democrat,0,4.0,Solid Democrat,no-change,False,2025-12-05T00:00:00-05:00,Kamlager-Dove,D,False,False,
CA-38,CA,California,2026,House,Solid Democrat,0,4.0,Solid Democrat,no-change,False,2025-12-05T00:00:00-05:00,Sanchez,D,True,False,
CA-39,CA,California,2026,House,Solid Democrat,0,4.0,Solid Democrat,no-change,False,2025-12-05T00:00:00-05:00,Takano,D,False,False,
CA-40,CA,California,2026,House,Solid Republican,10,-4.0,Solid Republican,no-change,False,2025-12-05T00:00:00-05:00,Young Kim,R,False,False,
CA-41,CA,California,2026,House,Solid Democrat,0,4.0,Solid Democrat,no-change,True,2025-12-05T00:00:00-05:00,Calvert running in CA-40,R,True,False,
CA-42,CA,California,2026,House,Solid Democrat,0,4.0,Solid Democrat,no-change,False,2025-12-05T00:00:00-05:00,R. Garcia,D,False,False,
CA-43,CA,California,2026,House,Solid Democrat,0,4.0,Solid Democrat,no-change,False,2025-12-05T00:00:00-05:00,Waters,D,False,False,
CA-44,CA,California,2026,House,Solid Democrat,0,4.0,Solid Democrat,no-change,False,2025-12-05T00:00:00-05:00,Barragan,D,False,False,
CA-46,CA,California,2026,House,Solid Democrat,0,4.0,Solid Democrat,no-change,False,2025-12-05T00:00:00-05:00,Correa,D,False,False,
CA-49,CA,California,2026,House,Solid Democrat,0,4.0,Solid Democrat,no-change,False,2025-12-05T00:00:00-05:00,Levin,D,False,False,
CA-50,CA,California,2026,House,Solid Democrat,0,4.0,Solid Democrat,no-change,False,2025-12-05T00:00:00-05:00,Peters,D,False,False,
CA-51,CA,California,2026,House,Solid Democrat,0,4.0,Solid Democrat,no-change,False,2025-12-05T00:00:00-05:00,Jacobs,D,False,False,
CA-52,CA,California,2026,House,Solid Democrat,0,4.0,Solid Democrat,no-change,False,2025-12-05T00:00:00-05:00,Vargas,D,False,False,
CO-01,CO,Colorado,2026,House,Solid Democrat,0,4.0,Solid Democrat,no-change,False,2025-12-05T00:00:00-05:00,DeGette,D,False,False,
CO-02,CO,Colorado,2026,House,Solid Democrat,0,4.0,Solid Democrat,no-change,False,2025-12-05T00:00:00-05:00,Neguse,D,False,False,
CO-04,CO,Colorado,2026,House,Solid Republican,10,-4.0,Solid Republican,no-change,False,2025-12-05T00:00:00-05:00,Boebert,R,False,False,
CO-06,CO,Colorado,2026,House,Solid Democrat,0,4.0,Solid Democrat,no-change,False,2025-12-05T00:00:00-05:00,Crow,D,False,False,
CO-07,CO,Colorado,2026,House,Solid Democrat,0,4.0,Solid Democrat,no-change,False,2025-12-05T00:00:00-05:00,Pettersen,D,False,False,
CT-01,CT,Connecticut,2026,House,Solid Democrat,0,4.0,Solid Democrat,no-change,False,2025-12-05T00:00:00-05:00,Larson,D,True,False,
CT-02,CT,Connecticut,2026,House,Solid Democrat,0,4.0,Solid Democrat,no-change,False,2025-12-05T00:00:00-05:00,Courtney,D,False,False,
CT-03,CT,Connecticut,2026,House,Solid Democrat,0,4.0,Solid Democrat,no-change,False,2025-12-05T00:00:00-05:00,DeLauro,D,False,False,
CT-04,CT,Connecticut,2026,House,Solid Democrat,0,4.0,Solid Democrat,no-change,False,2025-12-05T00:00:00-05:00,Himes,D,False,False,
CT-05,CT,Connecticut,2026,House,Solid Democrat,0,4.0,Solid Democrat,no-change,False,2025-12-05T00:00:00-05:00,Hayes,D,False,False,
DE-AL,DE,Delaware,2026,House,Solid Democrat,0,4.0,Solid Democrat,no-change,False,2025-12-05T00:00:00-05:00,McBride,D,False,False,
FL-01,FL,Florida,2026,House,Solid Republican,10,-4.0,Solid Republican,no-change,False,2025-12-05T00:00:00-05:00,Patronis,R,False,False,
FL-03,FL,Florida,2026,House,Solid Republican,10,-4.0,Solid Republican,no-change,False,2025-12-05T00:00:00-05:00,Cammack,R,False,False,
FL-04,FL,Florida,2026,House,Solid Republican,10,-4.0,Solid Republican,no-change,False,2025-12-05T00:00:00-05:00,Bean,R,False,False,
FL-05,FL,Florida,2026,House,Solid Republican,10,-4.0,Solid Republican,no-change,False,2025-12-05T00:00:00-05:00,Rutherford,R,False,False,
FL-06,FL,Florida,2026,House,Solid Republican,10,-4.0,Solid Republican,no-change,False,2025-12-05T00:00:00-05:00,Fine,R,False,False,
FL-07,FL,Florida,2026,House,Likely Republican,9,-3.0,Solid Republican,left,False,2025-12-05T00:00:00-05:00,Mills,R,True,False,
FL-08,FL,Florida,2026,House,Solid Republican,10,-4.0,Solid Republican,no-change,False,2025-12-05T00:00:00-05:00,Haridopolos,R,False,False,
FL-10,FL,Florida,2026,House,Solid Democrat,0,4.0,Solid Democrat,no-change,False,2025-12-05T00:00:00-05:00,Frost,D,False,False,
FL-12,FL,Florida,2026,House,Solid Republican,10,-4.0,Solid Republican,no-change,False,2025-12-05T00:00:00-05:00,Bilirakis,R,False,False,
FL-13,FL,Florida,2026,House,Likely Republican,9,-3.0,Likely Republican,no-change,False,2025-12-05T00:00:00-05:00,Luna,R,False,False,
FL-15,FL,Florida,2026,House,Solid Republican,10,-4.0,Solid Republican,no-change,False,2025-12-05T00:00:00-05:00,Lee,R,False,False,
FL-17,FL,Florida,2026,House,Solid Republican,10,-4.0,Solid Republican,no-change,False,2025-12-05T00:00:00-05:00,Steube,R,False,False,
FL-18,FL,Florida,2026,House,Solid Republican,10,-4.0,Solid Republican,no-change,False,2025-12-05T00:00:00-05:00,Franklin,R,False,False,
FL-19,FL,Florida,2026,House,Solid Republican,10,-4.0,Solid Republican,no-change,False,2025-12-05T00:00:00-05:00,Donalds,R,True,False,
FL-20,FL,Florida,2026,House,Solid Democrat,0,4.0,Solid Democrat,no-change,False,2025-12-05T00:00:00-05:00,VACANT,D,False,True,
FL-21,FL,Florida,2026,House,Solid Republican,10,-4.0,Solid Republican,no-change,False,2025-12-05T00:00:00-05:00,Mast,R,False,False,
FL-24,FL,Florida,2026,House,Solid Democrat,0,4.0,Solid Democrat,no-change,False,2025-12-05T00:00:00-05:00,Wilson,D,True,False,
GA-01,GA,Georgia,2026,House,Solid Republican,10,-4.0,Solid Republican,no-change,False,2025-12-05T00:00:00-05:00,B. Carter,R,True,False,
GA-02,GA,Georgia,2026,House,Solid Democrat,0,4.0,Solid Democrat,no-change,False,2025-12-05T00:00:00-05:00,S. Bishop,D,False,False,
GA-03,GA,Georgia,2026,House,Solid Republican,10,-4.0,Solid Republican,no-change,False,2025-12-05T00:00:00-05:00,Jack,R,False,False,
GA-04,GA,Georgia,2026,House,Solid Democrat,0,4.0,Solid Democrat,no-change,False,2025-12-05T00:00:00-05:00,H. Johnson,D,False,False,
GA-05,GA,Georgia,2026,House,Solid Democrat,0,4.0,Solid Democrat,no-change,False,2025-12-05T00:00:00-05:00,N. Williams,D,False,False,
GA-06,GA,Georgia,2026,House,Solid Democrat,0,4.0,Solid Democrat,no-change,False,2025-12-05T00:00:00-05:00,McBath,D,False,False,
GA-07,GA,Georgia,2026,House,Solid Republican,10,-4.0,Solid Republican,no-change,False,2025-12-05T00:00:00-05:00,McCormick,R,False,False,
GA-08,GA,Georgia,2026,House,Solid Republican,10,-4.0,Solid Republican,no-change,False,2025-12-05T00:00:00-05:00,A. Scott,R,False,False,
GA-09,GA,Georgia,2026,House,Solid Republican,10,-4.0,Solid Republican,no-change,False,2025-12-05T00:00:00-05:00,Clyde,R,False,False,
GA-12,GA,Georgia,2026,House,Solid Republican,10,-4.0,Solid Republican,no-change,False,2025-12-05T00:00:00-05:00,Allen,R,False,False,
GA-13,GA,Georgia,2026,House,Solid Democrat,0,4.0,Solid Democrat,no-change,False,2025-12-05T00:00:00-05:00,Everton Blair,D,True,False,
HI-01,HI,Hawaii,2026,House,Solid Democrat,0,4.0,Solid Democrat,no-change,False,2025-12-05T00:00:00-05:00,Case,D,False,False,
HI-02,HI,Hawaii,2026,House,Solid Democrat,0,4.0,Solid Democrat,no-change,False,2025-12-05T00:00:00-05:00,Tokuda,D,False,False,
ID-01,ID,Idaho,2026,House,Solid Republican,10,-4.0,Solid Republican,no-change,False,2025-12-05T00:00:00-05:00,Fulcher,R,False,False,
ID-02,ID,Idaho,2026,House,Solid Republican,10,-4.0,Solid Republican,no-change,False,2025-12-05T00:00:00-05:00,Simpson,R,False,False,
IL-01,IL,Illinois,2026,House,Solid Democrat,0,4.0,Solid Democrat,no-change,False,2025-12-05T00:00:00-05:00,Jackson,D,False,False,
IL-02,IL,Illinois,2026,House,Solid Democrat,0,4.0,Solid Democrat,no-change,False,2025-12-05T00:00:00-05:00,R. Kelly,D,True,False,
IL-03,IL,Illinois,2026,House,Solid Democrat,0,4.0,Solid Democrat,no-change,False,2025-12-05T00:00:00-05:00,Ramirez,D,False,False,
IL-04,IL,Illinois,2026,House,Solid Democrat,0,4.0,Solid Democrat,no-change,False,2025-12-05T00:00:00-05:00,J. Garcia,D,True,False,
IL-05,IL,Illinois,2026,House,Solid Democrat,0,4.0,Solid Democrat,no-change,False,2025-12-05T00:00:00-05:00,Quigley,D,False,False,
IL-06,IL,Illinois,2026,House,Solid Democrat,0,4.0,Solid Democrat,no-change,False,2025-12-05T00:00:00-05:00,Casten,D,False,False,
IL-07,IL,Illinois,2026,House,Solid Democrat,0,4.0,Solid Democrat,no-change,False,2025-12-05T00:00:00-05:00,D. Davis,D,True,False,
IL-08,IL,Illinois,2026,House,Solid Democrat,0,4.0,Solid Democrat,no-change,False,2025-12-05T00:00:00-05:00,Krishnamoorthi,D,True,False,
IL-09,IL,Illinois,2026,House,Solid Democrat,0,4.0,Solid Democrat,no-change,False,2025-12-05T00:00:00-05:00,Schakowsky,D,True,False,
IL-10,IL,Illinois,2026,House,Solid Democrat,0,4.0,Solid Democrat,no-change,False,2025-12-05T00:00:00-05:00,Schneider,D,False,False,
IL-11,IL,Illinois,2026,House,Solid Democrat,0,4.0,Solid Democrat,no-change,False,2025-12-05T00:00:00-05:00,Foster,D,False,False,
IL-12,IL,Illinois,2026,House,Solid Republican,10,-4.0,Solid Republican,no-change,False,2025-12-05T00:00:00-05:00,Bost,R,False,False,
IL-13,IL,Illinois,2026,House,Solid Democrat,0,4.0,Solid Democrat,no-change,False,2025-12-05T00:00:00-05:00,Budzinski,D,False,False,
IL-14,IL,Illinois,2026,House,Solid Democrat,0,4.0,Solid Democrat,no-change,False,2025-12-05T00:00:00-05:00,Underwood,D,False,False,
IL-15,IL,Illinois,2026,House,Solid Republican,10,-4.0,Solid Republican,no-change,False,2025-12-05T00:00:00-05:00,Miller,R,False,False,
IL-16,IL,Illinois,2026,House,Solid Republican,10,-4.0,Solid Republican,no-change,False,2025-12-05T00:00:00-05:00,LaHood,R,False,False,
IL-17,IL,Illinois,2026,House,Solid Democrat,0,4.0,Likely Democrat,left,False,2025-12-05T00:00:00-05:00,Sorensen,D,False,False,
IN-02,IN,Indiana,2026,House,Solid Republican,10,-4.0,Solid Republican,no-change,False,2025-12-05T00:00:00-05:00,Yakym,R,False,False,
IN-03,IN,Indiana,2026,House,Solid Republican,10,-4.0,Solid Republican,no-change,False,2025-12-05T00:00:00-05:00,Stutzman,R,False,False,
IN-04,IN,Indiana,2026,House,Solid Republican,10,-4.0,Solid Republican,no-change,False,2025-12-05T00:00:00-05:00,Baird,R,False,False,
IN-05,IN,Indiana,2026,House,Solid Republican,10,-4.0,Solid Republican,no-change,False,2025-12-05T00:00:00-05:00,Spartz,R,False,False,
IN-06,IN,Indiana,2026,House,Solid Republican,10,-4.0,Solid Republican,no-change,False,2025-12-05T00:00:00-05:00,Shreve,R,False,False,
IN-07,IN,Indiana,2026,House,Solid Democrat,0,4.0,Solid Democrat,no-change,False,2025-12-05T00:00:00-05:00,Carson,D,False,False,
IN-08,IN,Indiana,2026,House,Solid Republican,10,-4.0,Solid Republican,no-change,False,2025-12-05T00:00:00-05:00,Messmer,R,False,False,
IN-09,IN,Indiana,2026,House,Solid Republican,10,-4.0,Solid Republican,no-change,False,2025-12-05T00:00:00-05:00,Houchin,R,False,False,
IA-01,IA,Iowa,2026,House,Toss-up,5,0.0,Toss-up,no-change,False,2025-12-05T00:00:00-05:00,Miller-Meeks,R,False,False,
IA-04,IA,Iowa,2026,House,Solid Republican,10,-4.0,Solid Republican,no-change,False,2025-12-05T00:00:00-05:00,Feenstra,R,True,False,
KS-01,KS,Kansas,2026,House,Solid Republican,10,-4.0,Solid Republican,no-change,False,2025-12-05T00:00:00-05:00,Mann,R,False,False,
KS-02,KS,Kansas,2026,House,Solid Republican,10,-4.0,Solid Republican,no-change,False,2025-12-05T00:00:00-05:00,Derek Schmidt,R,False,False,
KS-03,KS,Kansas,2026,House,Solid Democrat,0,4.0,Solid Democrat,no-change,False,2025-12-05T00:00:00-05:00,Davids,D,False,False,
KS-04,KS,Kansas,2026,House,Solid Republican,10,-4.0,Solid Republican,no-change,False,2025-12-05T00:00:00-05:00,Estes,R,False,False,
KY-01,KY,Kentucky,2026,House,Solid Republican,10,-4.0,Solid Republican,no-change,False,2025-12-05T00:00:00-05:00,Comer,R,False,False,
KY-02,KY,Kentucky,2026,House,Solid Republican,10,-4.0,Solid Republican,no-change,False,2025-12-05T00:00:00-05:00,Guthrie,R,False,False,
KY-03,KY,Kentucky,2026,House,Solid Democrat,0,4.0,Solid Democrat,no-change,False,2025-12-05T00:00:00-05:00,McGarvey,D,False,False,
KY-04,KY,Kentucky,2026,House,Solid Republican,10,-4.0,Solid Republican,no-change,False,2025-12-05T00:00:00-05:00,Massie,R,True,False,
KY-05,KY,Kentucky,2026,House,Solid Republican,10,-4.0,Solid Republican,no-change,False,2025-12-05T00:00:00-05:00,H. Rogers,R,False,False,
LA-01,LA,Louisiana,2026,House,Solid Republican,10,-4.0,Solid Republican,no-change,False,2025-12-05T00:00:00-05:00,Scalise,R,False,False,
LA-02,LA,Louisiana,2026,House,Solid Democrat,0,4.0,Solid Democrat,no-change,False,2025-12-05T00:00:00-05:00,T. Carter,D,False,False,
LA-03,LA,Louisiana,2026,House,Solid Republican,10,-4.0,Solid Republican,no-change,False,2025-12-05T00:00:00-05:00,Higgins,R,False,False,
LA-04,LA,Louisiana,2026,House,Solid Republican,10,-4.0,Solid Republican,no-change,False,2025-12-05T00:00:00-05:00,M. Johnson,R,False,False,Speaker of the House
ME-01,ME,Maine,2026,House,Solid Democrat,0,4.0,Solid Democrat,no-change,False,2025-12-05T00:00:00-05:00,Pingree,D,False,False,
ME-02,ME,Maine,2026,House,Likely Republican,9,-3.0,Likely Republican,no-change,True,2025-12-05T00:00:00-05:00,Golden,D,True,False,
MD-01,MD,Maryland,2026,House,Solid Republican,10,-4.0,Solid Republican,no-change,False,2025-12-05T00:00:00-05:00,Harris,R,False,False,
MD-02,MD,Maryland,2026,House,Solid Democrat,0,4.0,Solid Democrat,no-change,False,2025-12-05T00:00:00-05:00,Olszewski,D,False,False,
MD-03,MD,Maryland,2026,House,Solid Democrat,0,4.0,Solid Democrat,no-change,False,2025-12-05T00:00:00-05:00,Elfreth,D,False,False,
MD-04,MD,Maryland,2026,House,Solid Democrat,0,4.0,Solid Democrat,no-change,False,2025-12-05T00:00:00-05:00,Ivey,D,False,False,
MD-06,MD,Maryland,2026,House,Solid Democrat,0,4.0,Solid Democrat,no-change,False,2025-12-05T00:00:00-05:00,McClain Delaney,D,False,False,
MD-07,MD,Maryland,2026,House,Solid Democrat,0,4.0,Solid Democrat,no-change,False,2025-12-05T00:00:00-05:00,Mfume,D,False,False,
MD-08,MD,Maryland,2026,House,Solid Democrat,0,4.0,Solid Democrat,no-change,False,2025-12-05T00:00:00-05:00,Raskin,D,False,False,
MA-01,MA,Massachusetts,2026,House,Solid Democrat,0,4.0,Likely Democrat,left,False,2025-12-05T00:00:00-05:00,Neal,D,False,False,
MA-02,MA,Massachusetts,2026,House,Solid Democrat,0,4.0,Solid Democrat,no-change,False,2025-12-05T00:00:00-05:00,McGovern,D,False,False,
MA-03,MA,Massachusetts,2026,House,Solid Democrat,0,4.0,Solid Democrat,no-change,False,2025-12-05T00:00:00-05:00,Trahan,D,False,False,
MA-04,MA,Massachusetts,2026,House,Solid Democrat,0,4.0,Solid Democrat,no-change,False,2025-12-05T00:00:00-05:00,Auchincloss,D,False,False,
MA-05,MA,Massachusetts,2026,House,Solid Democrat,0,4.0,Solid Democrat,no-change,False,2025-12-05T00:00:00-05:00,Clark,D,False,False,
MA-06,MA,Massachusetts,2026,House,Solid Democrat,0,4.0,Solid Democrat,no-change,False,2025-12-05T00:00:00-05:00,Moulton,D,True,False,
MA-07,MA,Massachusetts,2026,House,Solid Democrat,0,4.0,Solid Democrat,no-change,False,2025-12-05T00:00:00-05:00,Pressley,D,False,False,
MA-08,MA,Massachusetts,2026,House,Solid Democrat,0,4.0,Solid Democrat,no-change,False,2025-12-05T00:00:00-05:00,Lynch,D,False,False,
MA-09,MA,Massachusetts,2026,House,Solid Democrat,0,4.0,Solid Democrat,no-change,False,2025-12-05T00:00:00-05:00,Keating,D,False,False,
MI-01,MI,Michigan,2026,House,Solid Republican,10,-4.0,Solid Republican,no-change,False,2025-12-05T00:00:00-05:00,Bergman,R,False,False,
MI-02,MI,Michigan,2026,House,Solid Republican,10,-4.0,Solid Republican,no-change,False,2025-12-05T00:00:00-05:00,Moolenar,R,False,False,
MI-04,MI,Michigan,2026,House,Lean Republican,8,-2.0,Likely Republican,left,False,2025-12-05T00:00:00-05:00,Huizenga,R,False,False,
MI-05,MI,Michigan,2026,House,Solid Republican,10,-4.0,Solid Republican,no-change,False,2025-12-05T00:00:00-05:00,Walberg,R,False,False,
MI-06,MI,Michigan,2026,House,Solid Democrat,0,4.0,Solid Democrat,no-change,False,2025-12-05T00:00:00-05:00,Dingell,D,False,False,
MI-07,MI,Michigan,2026,House,Toss-up,5,0.0,Toss-up,no-change,False,2025-12-05T00:00:00-05:00,Barrett,R,False,False,
MI-09,MI,Michigan,2026,House,Solid Republican,10,-4.0,Solid Republican,no-change,False,2025-12-05T00:00:00-05:00,McClain,R,False,False,
MI-10,MI,Michigan,2026,House,Tilt Republican,7,-1.0,Tilt Republican,no-change,False,2025-12-05T00:00:00-05:00,James,R,True,False,
MI-11,MI,Michigan,2026,House,Solid Democrat,0,4.0,Solid Democrat,no-change,False,2025-12-05T00:00:00-05:00,Stevens,D,True,False,
MI-12,MI,Michigan,2026,House,Solid Democrat,0,4.0,Solid Democrat,no-change,False,2025-12-05T00:00:00-05:00,Tlaib,D,False,False,
MI-13,MI,Michigan,2026,House,Solid Democrat,0,4.0,Solid Democrat,no-change,False,2025-12-05T00:00:00-05:00,Thanedar,D,True,False,
MN-01,MN,Minnesota,2026,House,Solid Republican,10,-4.0,Solid Republican,no-change,False,2025-12-05T00:00:00-05:00,Finstad,R,False,False,
MN-02,MN,Minnesota,2026,House,Likely Democrat,1,3.0,Lean Democrat,left,False,2025-12-05T00:00:00-05:00,Craig,D,True,False,
MN-03,MN,Minnesota,2026,House,Solid Democrat,0,4.0,Solid Democrat,no-change,False,2025-12-05T00:00:00-05:00,Morrison,D,False,False,
MN-04,MN,Minnesota,2026,House,Solid Democrat,0,4.0,Solid Democrat,no-change,False,2025-12-05T00:00:00-05:00,McCollum,D,False,False,
MN-05,MN,Minnesota,2026,House,Solid Democrat,0,4.0,Solid Democrat,no-change,False,2025-12-05T00:00:00-05:00,Omar,D,False,False,
MN-06,MN,Minnesota,2026,House,Solid Republican,10,-4.0,Solid Republican,no-change,False,2025-12-05T00:00:00-05:00,Emmer,R,False,False,
MN-07,MN,Minnesota,2026,House,Solid Republican,10,-4.0,Solid Republican,no-change,False,2025-12-05T00:00:00-05:00,Fischbach,R,False,False,
MN-08,MN,Minnesota,2026,House,Solid Republican,10,-4.0,Solid Republican,no-change,False,2025-12-05T00:00:00-05:00,Stauber,R,False,False,
MS-01,MS,Mississippi,2026,House,Solid Republican,10,-4.0,Solid Republican,no-change,False,2025-12-05T00:00:00-05:00,T. Kelly,R,False,False,
MS-02,MS,Mississippi,2026,House,Solid Democrat,0,4.0,Solid Democrat,no-change,False,2025-12-05T00:00:00-05:00,Thompson,D,False,False,
MS-03,MS,Mississippi,2026,House,Solid Republican,10,-4.0,Solid Republican,no-change,False,2025-12-05T00:00:00-05:00,Guest,R,False,False,
MS-04,MS,Mississippi,2026,House,Solid Republican,10,-4.0,Solid Republican,no-change,False,2025-12-05T00:00:00-05:00,Ezell,R,False,False,
MO-01,MO,Missouri,2026,House,Solid Democrat,0,4.0,Solid Democrat,no-change,False,2025-12-05T00:00:00-05:00,Bell,D,False,False,
MO-02,MO,Missouri,2026,House,Solid Republican,10,-4.0,Solid Republican,no-change,False,2025-12-05T00:00:00-05:00,Wagner,R,False,False,
MO-03,MO,Missouri,2026,House,Solid Republican,10,-4.0,Solid Republican,no-change,False,2025-12-05T00:00:00-05:00,Onder,R,False,False,
MO-04,MO,Missouri,2026,House,Solid Republican,10,-4.0,Solid Republican,no-change,False,2025-12-05T00:00:00-05:00,Alford,R,False,False,
MO-05,MO,Missouri,2026,House,Solid Republican,10,-4.0,Solid Republican,no-change,True,2025-12-05T00:00:00-05:00,Cleaver,D,False,False,
MO-07,MO,Missouri,2026,House,Solid Republican,10,-4.0,Solid Republican,no-change,False,2025-12-05T00:00:00-05:00,Burlison,R,False,False,
MO-08,MO,Missouri,2026,House,Solid Republican,10,-4.0,Solid Republican,no-change,False,2025-12-05T00:00:00-05:00,J. Smith,R,False,False,
NE-01,NE,Nebraska,2026,House,Solid Republican,10,-4.0,Solid Republican,no-change,False,2025-12-05T00:00:00-05:00,Flood,R,False,False,
NE-02,NE,Nebraska,2026,House,Tilt Democrat,3,1.0,Toss-up,left,True,2025-12-05T00:00:00-05:00,Donald Bacon,R,True,False,Not seeking reelection in 2026
NE-03,NE,Nebraska,2026,House,Solid Republican,10,-4.0,Solid Republican,no-change,False,2025-12-05T00:00:00-05:00,A. Smith,R,False,False,
NV-01,NV,Nevada,2026,House,Lean Democrat,2,2.0,Lean Democrat,no-change,False,2025-12-05T00:00:00-05:00,Titus,D,False,False,
NV-03,NV,Nevada,2026,House,Lean Democrat,2,2.0,Lean Democrat,no-change,False,2025-12-05T00:00:00-05:00,S. Lee,D,False,False,
NH-01,NH,New Hampshire,2026,House,Lean Democrat,2,2.0,Lean Democrat,no-change,False,2025-12-05T00:00:00-05:00,Pappas,D,True,False,
NH-02,NH,New Hampshire,2026,House,Likely Democrat,1,3.0,Likely Democrat,no-change,False,2025-12-05T00:00:00-05:00,Goodlander,D,False,False,
NJ-01,NJ,New Jersey,2026,House,Solid Democrat,0,4.0,Solid Democrat,no-change,False,2025-12-05T00:00:00-05:00,Norcross,D,False,False,
NJ-02,NJ,New Jersey,2026,House,Solid Republican,10,-4.0,Solid Republican,no-change,False,2025-12-05T00:00:00-05:00,Van Drew,R,False,False,
NJ-03,NJ,New Jersey,2026,House,Solid Democrat,0,4.0,Solid Democrat,no-change,False,2025-12-05T00:00:00-05:00,Conaway,D,False,False,
NJ-04,NJ,New Jersey,2026,House,Solid Republican,10,-4.0,Solid Republican,no-change,False,2025-12-05T00:00:00-05:00,C. Smith,R,False,False,
NJ-05,NJ,New Jersey,2026,House,Solid Democrat,0,4.0,Solid Democrat,no-change,False,2025-12-05T00:00:00-05:00,Gottheimer,D,False,False,
NJ-06,NJ,New Jersey,2026,House,Solid Democrat,0,4.0,Solid Democrat,no-change,False,2025-12-05T00:00:00-05:00,Pallone,D,False,False,
NJ-08,NJ,New Jersey,2026,House,Solid Democrat,0,4.0,Solid Democrat,no-change,False,2025-12-05T00:00:00-05:00,Menendez,D,False,False,
NJ-10,NJ,New Jersey,2026,House,Solid Democrat,0,4.0,Solid Democrat,no-change,False,2025-12-05T00:00:00-05:00,McIver,D,False,False,
NJ-12,NJ,New Jersey,2026,House,Solid Democrat,0,4.0,Solid Democrat,no-change,False,2025-12-05T00:00:00-05:00,Watson Coleman,D,True,False,
NM-01,NM,New Mexico,2026,House,Solid Democrat,0,4.0,Solid Democrat,no-change,False,2025-12-05T00:00:00-05:00,Stansbury,D,False,False,
NM-02,NM,New Mexico,2026,House,Tilt Democrat,3,1.0,Tilt Democrat,no-change,False,2025-12-05T00:00:00-05:00,Vasquez,D,False,False,
NM-03,NM,New Mexico,2026,House,Solid Democrat,0,4.0,Solid Democrat,no-change,False,2025-12-05T00:00:00-05:00,Leger Fernandez,D,False,False,
NY-01,NY,New York,2026,House,Solid Republican,10,-4.0,Solid Republican,no-change,False,2025-12-05T00:00:00-05:00,LaLota,R,False,False,
NY-02,NY,New York,2026,House,Solid Republican,10,-4.0,Solid Republican,no-change,False,2025-12-05T00:00:00-05:00,Garbarino,R,False,False,
NY-03,NY,New York,2026,House,Lean Democrat,2,2.0,Lean Democrat,no-change,False,2025-12-05T00:00:00-05:00,Suozzi,D,False,False,
NY-04,NY,New York,2026,House,Tilt Democrat,3,1.0,Tilt Democrat,no-change,False,2025-12-05T00:00:00-05:00,Gillen,D,False,False,
NY-05,NY,New York,2026,House,Solid Democrat,0,4.0,Solid Democrat,no-change,False,2025-12-05T00:00:00-05:00,Meeks,D,False,False,
NY-06,NY,New York,2026,House,Solid Democrat,0,4.0,Solid Democrat,no-change,False,2025-12-05T00:00:00-05:00,Meng,D,False,False,
NY-07,NY,New York,2026,House,Solid Democrat,0,4.0,Solid Democrat,no-change,False,2025-12-05T00:00:00-05:00,Velazquez,D,True,False,
NY-08,NY,New York,2026,House,Solid Democrat,0,4.0,Solid Democrat,no-change,False,2025-12-05T00:00:00-05:00,Jeffries,D,False,False,
NY-09,NY,New York,2026,House,Solid Democrat,0,4.0,Solid Democrat,no-change,False,2025-12-05T00:00:00-05:00,Clarke,D,False,False,
NY-10,NY,New York,2026,House,Solid Democrat,0,4.0,Solid Democrat,no-change,False,2025-12-05T00:00:00-05:00,Goldman,D,True,False,
NY-11,NY,New York,2026,House,Solid Republican,10,-4.0,Solid Republican,no-change,False,2025-12-05T00:00:00-05:00,Malliotakis,R,False,False,
NY-12,NY,New York,2026,House,Solid Democrat,0,4.0,Solid Democrat,no-change,False,2025-12-05T00:00:00-05:00,Nadler,D,True,False,
NY-13,NY,New York,2026,House,Solid Democrat,0,4.0,Solid Democrat,no-change,False,2025-12-05T00:00:00-05:00,Espaillat,D,True,False,
NY-14,NY,New York,2026,House,Solid Democrat,0,4.0,Solid Democrat,no-change,False,2025-12-05T00:00:00-05:00,Ocasio-Cortez,D,False,False,
NY-15,NY,New York,2026,House,Solid Democrat,0,4.0,Solid Democrat,no-change,False,2025-12-05T00:00:00-05:00,Torres,D,False,False,
NY-16,NY,New York,2026,House,Solid Democrat,0,4.0,Solid Democrat,no-change,False,2025-12-05T00:00:00-05:00,Latimer,D,False,False,
NY-17,NY,New York,2026,House,Toss-up,5,0.0,Toss-up,no-change,False,2025-12-05T00:00:00-05:00,Lawler,R,False,False,
NY-18,NY,New York,2026,House,Solid Democrat,0,4.0,Likely Democrat,left,False,2025-12-05T00:00:00-05:00,Ryan,D,False,False,
NY-19,NY,New York,2026,House,Lean Democrat,2,2.0,Lean Democrat,no-change,False,2025-12-05T00:00:00-05:00,Riley,D,False,False,
NY-20,NY,New York,2026,House,Solid Democrat,0,4.0,Solid Democrat,no-change,False,2025-12-05T00:00:00-05:00,Tonko,D,False,False,
NY-22,NY,New York,2026,House,Solid Democrat,0,4.0,Likely Democrat,left,False,2025-12-05T00:00:00-05:00,Mannion,D,False,False,
NY-23,NY,New York,2026,House,Solid Republican,10,-4.0,Solid Republican,no-change,False,2025-12-05T00:00:00-05:00,Langworthy,R,False,False,
NY-24,NY,New York,2026,House,Solid Republican,10,-4.0,Solid Republican,no-change,False,2025-12-05T00:00:00-05:00,Tenney,R,False,False,
NY-25,NY,New York,2026,House,Solid Democrat,0,4.0,Solid Democrat,no-change,False,2025-12-05T00:00:00-05:00,Morelle,D,False,False,
NY-26,NY,New York,2026,House,Solid Democrat,0,4.0,Solid Democrat,no-change,False,2025-12-05T00:00:00-05:00,Kennedy,D,False,False,
NC-02,NC,North Carolina,2026,House,Solid Democrat,0,4.0,Solid Democrat,no-change,False,2025-12-05T00:00:00-05:00,Ross,D,False,False,
NC-03,NC,North Carolina,2026,House,Solid Republican,10,-4.0,Solid Republican,no-change,False,2025-12-05T00:00:00-05:00,Murphy,R,False,False,
NC-04,NC,North Carolina,2026,House,Solid Democrat,0,4.0,Solid Democrat,no-change,False,2025-12-05T00:00:00-05:00,Foushee,D,False,False,
NC-05,NC,North Carolina,2026,House,Solid Republican,10,-4.0,Solid Republican,no-change,False,2025-12-05T00:00:00-05:00,Foxx,R,False,False,
NC-06,NC,North Carolina,2026,House,Solid Republican,10,-4.0,Solid Republican,no-change,False,2025-12-05T00:00:00-05:00,McDowell,R,False,False,
NC-07,NC,North Carolina,2026,House,Solid Republican,10,-4.0,Solid Republican,no-change,False,2025-12-05T00:00:00-05:00,Rouzer,R,False,False,
NC-08,NC,North Carolina,2026,House,Solid Republican,10,-4.0,Solid Republican,no-change,False,2025-12-05T00:00:00-05:00,Harris,R,False,False,
NC-09,NC,North Carolina,2026,House,Solid Republican,10,-4.0,Solid Republican,no-change,False,2025-12-05T00:00:00-05:00,Hudson,R,False,False,
NC-10,NC,North Carolina,2026,House,Solid Republican,10,-4.0,Solid Republican,no-change,False,2025-12-05T00:00:00-05:00,Harrigan,R,False,False,
NC-12,NC,North Carolina,2026,House,Solid Democrat,0,4.0,Solid Democrat,no-change,False,2025-12-05T00:00:00-05:00,Adams,D,False,False,
NC-13,NC,North Carolina,2026,House,Solid Republican,10,-4.0,Solid Republican,no-change,False,2025-12-05T00:00:00-05:00,Knott,R,False,False,
ND-AL,ND,North Dakota,2026,House,Solid Republican,10,-4.0,Solid Republican,no-change,False,2025-12-05T00:00:00-05:00,Fedorchak,R,False,False,
OH-02,OH,Ohio,2026,House,Solid Republican,10,-4.0,Solid Republican,no-change,False,2025-12-05T00:00:00-05:00,Taylor,R,False,False,
OH-03,OH,Ohio,2026,House,Solid Democrat,0,4.0,Solid Democrat,no-change,False,2025-12-05T00:00:00-05:00,Beatty,D,False,False,
OH-04,OH,Ohio,2026,House,Solid Republican,10,-4.0,Solid Republican,no-change,False,2025-12-05T00:00:00-05:00,Jordan,R,False,False,
OH-05,OH,Ohio,2026,House,Solid Republican,10,-4.0,Solid Republican,no-change,False,2025-12-05T00:00:00-05:00,Latta,R,False,False,
OH-06,OH,Ohio,2026,House,Solid Republican,10,-4.0,Solid Republican,no-change,False,2025-12-05T00:00:00-05:00,Rulli,R,False,False,
OH-08,OH,Ohio,2026,House,Solid Republican,10,-4.0,Solid Republican,no-change,False,2025-12-05T00:00:00-05:00,Davidson,R,False,False,
OH-09,OH,Ohio,2026,House,Tilt Republican,7,-1.0,Tilt Republican,no-change,True,2025-12-05T00:00:00-05:00,Kaptur,D,False,False,
OH-10,OH,Ohio,2026,House,Solid Republican,10,-4.0,Solid Republican,no-change,False,2025-12-05T00:00:00-05:00,Turner,R,False,False,
OH-11,OH,Ohio,2026,House,Solid Democrat,0,4.0,Solid Democrat,no-change,False,2025-12-05T00:00:00-05:00,Brown,D,False,False,
OH-12,OH,Ohio,2026,House,Solid Republican,10,-4.0,Solid Republican,no-change,False,2025-12-05T00:00:00-05:00,Balderson,R,False,False,
OH-14,OH,Ohio,2026,House,Solid Republican,10,-4.0,Solid Republican,no-change,False,2025-12-05T00:00:00-05:00,D. Joyce,R,False,False,
OH-15,OH,Ohio,2026,House,Solid Republican,10,-4.0,Solid Republican,no-change,False,2025-12-05T00:00:00-05:00,Carey,R,False,False,
OK-02,OK,Oklahoma,2026,House,Solid Republican,10,-4.0,Solid Republican,no-change,False,2025-12-05T00:00:00-05:00,Brecheen,R,False,False,
OK-03,OK,Oklahoma,2026,House,Solid Republican,10,-4.0,Solid Republican,no-change,False,2025-12-05T00:00:00-05:00,Lucas,R,False,False,
OK-04,OK,Oklahoma,2026,House,Solid Republican,10,-4.0,Solid Republican,no-change,False,2025-12-05T00:00:00-05:00,Cole,R,False,False,
OK-05,OK,Oklahoma,2026,House,Solid Republican,10,-4.0,Solid Republican,no-change,False,2025-12-05T00:00:00-05:00,Bice,R,False,False,
OR-01,OR,Oregon,2026,House,Solid Democrat,0,4.0,Solid Democrat,no-change,False,2025-12-05T00:00:00-05:00,Bonamici,D,False,False,
OR-02,OR,Oregon,2026,House,Solid Republican,10,-4.0,Solid Republican,no-change,False,2025-12-05T00:00:00-05:00,Bentz,R,False,False,
OR-03,OR,Oregon,2026,House,Solid Democrat,0,4.0,Solid Democrat,no-change,False,2025-12-05T00:00:00-05:00,Dexter,D,False,False,
OR-04,OR,Oregon,2026,House,Solid Democrat,0,4.0,Solid Democrat,no-change,False,2025-12-05T00:00:00-05:00,Hoyle,D,False,False,
OR-05,OR,Oregon,2026,House,Solid Democrat,0,4.0,Likely Democrat,left,False,2025-12-05T00:00:00-05:00,Bynum,D,False,False,
PA-01,PA,Pennsylvania,2026,House,Lean Republican,8,-2.0,Likely Republican,left,False,2025-12-05T00:00:00-05:00,Fitzpatrick,R,False,False,
PA-02,PA,Pennsylvania,2026,House,Solid Democrat,0,4.0,Solid Democrat,no-change,False,2025-12-05T00:00:00-05:00,Boyle,D,False,False,
PA-03,PA,Pennsylvania,2026,House,Solid Democrat,0,4.0,Solid Democrat,no-change,False,2025-12-05T00:00:00-05:00,Evans,D,True,False,
PA-04,PA,Pennsylvania,2026,House,Solid Democrat,0,4.0,Solid Democrat,no-change,False,2025-12-05T00:00:00-05:00,Dean,D,False,False,
PA-05,PA,Pennsylvania,2026,House,Solid Democrat,0,4.0,Solid Democrat,no-change,False,2025-12-05T00:00:00-05:00,Scanlon,D,False,False,
PA-06,PA,Pennsylvania,2026,House,Solid Democrat,0,4.0,Solid Democrat,no-change,False,2025-12-05T00:00:00-05:00,Houlahan,D,False,False,
PA-07,PA,Pennsylvania,2026,House,Toss-up,5,0.0,Toss-up,no-change,False,2025-12-05T00:00:00-05:00,Mackenzie,R,False,False,
PA-09,PA,Pennsylvania,2026,House,Solid Republican,10,-4.0,Solid Republican,no-change,False,2025-12-05T00:00:00-05:00,Meuser,R,False,False,
PA-11,PA,Pennsylvania,2026,House,Solid Republican,10,-4.0,Solid Republican,no-change,False,2025-12-05T00:00:00-05:00,Smucker,R,False,False,
PA-12,PA,Pennsylvania,2026,House,Solid Democrat,0,4.0,Solid Democrat,no-change,False,2025-12-05T00:00:00-05:00,Lee,D,False,False,
PA-13,PA,Pennsylvania,2026,House,Solid Republican,10,-4.0,Solid Republican,no-change,False,2025-12-05T00:00:00-05:00,Joyce,R,False,False,
PA-14,PA,Pennsylvania,2026,House,Solid Republican,10,-4.0,Solid Republican,no-change,False,2025-12-05T00:00:00-05:00,Reschenthaler,R,False,False,
PA-15,PA,Pennsylvania,2026,House,Solid Republican,10,-4.0,Solid Republican,no-change,False,2025-12-05T00:00:00-05:00,Thompson,R,False,False,
PA-16,PA,Pennsylvania,2026,House,Solid Republican,10,-4.0,Solid Republican,no-change,False,2025-12-05T00:00:00-05:00,M. Kelly,R,False,False,
RI-01,RI,Rhode Island,2026,House,Solid Democrat,0,4.0,Solid Democrat,no-change,False,2025-12-05T00:00:00-05:00,Amo,D,False,False,
RI-02,RI,Rhode Island,2026,House,Solid Democrat,0,4.0,Solid Democrat,no-change,False,2025-12-05T00:00:00-05:00,Magaziner,D,False,False,
SC-02,SC,South Carolina,2026,House,Solid Republican,10,-4.0,Solid Republican,no-change,False,2025-12-05T00:00:00-05:00,Wilson,R,False,False,
SC-03,SC,South Carolina,2026,House,Solid Republican,10,-4.0,Solid Republican,no-change,False,2025-12-05T00:00:00-05:00,Biggs,R,False,False,
SC-04,SC,South Carolina,2026,House,Solid Republican,10,-4.0,Solid Republican,no-change,False,2025-12-05T00:00:00-05:00,Timmons,R,False,False,
SC-06,SC,South Carolina,2026,House,Solid Democrat,0,4.0,Solid Democrat,no-change,False,2025-12-05T00:00:00-05:00,Clyburn,D,False,False,
SD-AL,SD,South Dakota,2026,House,Solid Republican,10,-4.0,Solid Republican,no-change,False,2025-12-05T00:00:00-05:00,D. Johnson,R,True,False,
TN-01,TN,Tennessee,2026,House,Solid Republican,10,-4.0,Solid Republican,no-change,False,2025-12-05T00:00:00-05:00,Harshbarger,R,False,False,
TN-02,TN,Tennessee,2026,House,Solid Republican,10,-4.0,Solid Republican,no-change,False,2025-12-05T00:00:00-05:00,Burchett,R,False,False,
TN-03,TN,Tennessee,2026,House,Solid Republican,10,-4.0,Solid Republican,no-change,False,2025-12-05T00:00:00-05:00,Fleischmann,R,False,False,
TN-04,TN,Tennessee,2026,House,Solid Republican,10,-4.0,Solid Republican,no-change,False,2025-12-05T00:00:00-05:00,DesJarlais,R,False,False,
TN-06,TN,Tennessee,2026,House,Solid Republican,10,-4.0,Solid Republican,no-change,False,2025-12-05T00:00:00-05:00,J. Rose,R,True,False,
TN-07,TN,Tennessee,2026,House,Solid Republican,10,-4.0,Lean Republican,right,False,2025-12-05T00:00:00-05:00,Van Epps,R,False,False,
TN-08,TN,Tennessee,2026,House,Solid Republican,10,-4.0,Solid Republican,no-change,False,2025-12-05T00:00:00-05:00,Kustoff,R,False,False,
TX-01,TX,Texas,2026,House,Solid Republican,10,-4.0,Solid Republican,no-change,False,2025-12-05T00:00:00-05:00,Moran,R,False,False,
TX-03,TX,Texas,2026,House,Solid Republican,10,-4.0,Solid Republican,no-change,False,2025-12-05T00:00:00-05:00,Self,R,False,False,
TX-04,TX,Texas,2026,House,Solid Republican,10,-4.0,Solid Republican,no-change,False,2025-12-05T00:00:00-05:00,Fallon,R,False,False,
TX-05,TX,Texas,2026,House,Solid Republican,10,-4.0,Solid Republican,no-change,False,2025-12-05T00:00:00-05:00,Gooden,R,False,False,
TX-06,TX,Texas,2026,House,Solid Republican,10,-4.0,Solid Republican,no-change,False,2025-12-05T00:00:00-05:00,Ellzey,R,False,False,
TX-07,TX,Texas,2026,House,Solid Democrat,0,4.0,Solid Democrat,no-change,False,2025-12-05T00:00:00-05:00,Fletcher,D,False,False,
TX-08,TX,Texas,2026,House,Solid Republican,10,-4.0,Solid Republican,no-change,False,2025-12-05T00:00:00-05:00,Luttrell,R,True,False,
TX-09,TX,Texas,2026,House,Solid Republican,10,-4.0,Solid Republican,no-change,True,2025-12-05T00:00:00-05:00,A. Green,D,True,False,
TX-10,TX,Texas,2026,House,Solid Republican,10,-4.0,Solid Republican,no-change,False,2025-12-05T00:00:00-05:00,McCaul,R,True,False,
TX-11,TX,Texas,2026,House,Solid Republican,10,-4.0,Solid Republican,no-change,False,2025-12-05T00:00:00-05:00,Pfluger,R,False,False,
TX-12,TX,Texas,2026,House,Solid Republican,10,-4.0,Solid Republican,no-change,False,2025-12-05T00:00:00-05:00,Goldman,R,False,False,
TX-13,TX,Texas,2026,House,Solid Republican,10,-4.0,Solid Republican,no-change,False,2025-12-05T00:00:00-05:00,Jackson,R,False,False,
TX-14,TX,Texas,2026,House,Solid Republican,10,-4.0,Solid Republican,no-change,False,2025-12-05T00:00:00-05:00,Weber,R,False,False,
TX-16,TX,Texas,2026,House,Solid Democrat,0,4.0,Solid Democrat,no-change,False,2025-12-05T00:00:00-05:00,Escobar,D,False,False,
TX-17,TX,Texas,2026,House,Solid Republican,10,-4.0,Solid Republican,no-change,False,2025-12-05T00:00:00-05:00,Sessions,R,False,False,
TX-19,TX,Texas,2026,House,Solid Republican,10,-4.0,Solid Republican,no-change,False,2025-12-05T00:00:00-05:00,Arrington,R,True,False,
TX-20,TX,Texas,2026,House,Solid Democrat,0,4.0,Solid Democrat,no-change,False,2025-12-05T00:00:00-05:00,Castro,D,False,False,
TX-21,TX,Texas,2026,House,Solid Republican,10,-4.0,Solid Republican,no-change,False,2025-12-05T00:00:00-05:00,Roy,R,True,False,
TX-24,TX,Texas,2026,House,Solid Republican,10,-4.0,Solid Republican,no-change,False,2025-12-05T00:00:00-05:00,Van Duyne,R,False,False,
TX-25,TX,Texas,2026,House,Solid Republican,10,-4.0,Solid Republican,no-change,False,2025-12-05T00:00:00-05:00,Williams,R,False,False,
TX-26,TX,Texas,2026,House,Solid Republican,10,-4.0,Solid Republican,no-change,False,2025-12-05T00:00:00-05:00,Gill,R,False,False,
TX-27,TX,Texas,2026,House,Solid Republican,10,-4.0,Solid Republican,no-change,False,2025-12-05T00:00:00-05:00,Cloud,R,False,False,
TX-28,TX,Texas,2026,House,Tilt Democrat,3,1.0,Tilt Democrat,no-change,False,2025-12-05T00:00:00-05:00,Cuellar,D,False,False,
TX-29,TX,Texas,2026,House,Solid Democrat,0,4.0,Solid Democrat,no-change,False,2025-12-05T00:00:00-05:00,S. Garcia,D,False,False,
TX-30,TX,Texas,2026,House,Solid Democrat,0,4.0,Solid Democrat,no-change,False,2025-12-05T00:00:00-05:00,Crockett,D,True,False,
TX-31,TX,Texas,2026,House,Solid Republican,10,-4.0,Solid Republican,no-change,False,2025-12-05T00:00:00-05:00,J. Carter,R,False,False,
TX-32,TX,Texas,2026,House,Solid Republican,10,-4.0,Solid Republican,no-change,True,2025-12-05T00:00:00-05:00,Julie Johnson,D,True,False,
VT-AL,VT,Vermont,2026,House,Solid Democrat,0,4.0,Solid Democrat,no-change,False,2025-12-05T00:00:00-05:00,Balint,D,False,False,
VA-01,VA,Virginia,2026,House,Lean Republican,8,-2.0,Likely Republican,left,False,2025-12-05T00:00:00-05:00,Wittman,R,False,False,
VA-02,VA,Virginia,2026,House,Toss-up,5,0.0,Toss-up,no-change,False,2025-12-05T00:00:00-05:00,Kiggans,R,False,False,
VA-03,VA,Virginia,2026,House,Solid Democrat,0,4.0,Solid Democrat,no-change,False,2025-12-05T00:00:00-05:00,Scott,D,False,False,
VA-04,VA,Virginia,2026,House,Solid Democrat,0,4.0,Solid Democrat,no-change,False,2025-12-05T00:00:00-05:00,McClellan,D,False,False,
VA-05,VA,Virginia,2026,House,Solid Republican,10,-4.0,Solid Republican,no-change,False,2025-12-05T00:00:00-05:00,McGuire,R,False,False,
VA-06,VA,Virginia,2026,House,Solid Republican,10,-4.0,Solid Republican,no-change,False,2025-12-05T00:00:00-05:00,Cline,R,False,False,
VA-08,VA,Virginia,2026,House,Solid Democrat,0,4.0,Solid Democrat,no-change,False,2025-12-05T00:00:00-05:00,Beyer,D,False,False,
VA-09,VA,Virginia,2026,House,Solid Republican,10,-4.0,Solid Republican,no-change,False,2025-12-05T00:00:00-05:00,Griffith,R,False,False,
VA-10,VA,Virginia,2026,House,Solid Democrat,0,4.0,Solid Democrat,no-change,False,2025-12-05T00:00:00-05:00,Subramanyam,D,False,False,
VA-11,VA,Virginia,2026,House,Solid Democrat,0,4.0,Solid Democrat,no-change,False,2025-12-05T00:00:00-05:00,Walkinshaw,D,False,False,
WA-01,WA,Washington,2026,House,Solid Democrat,0,4.0,Solid Democrat,no-change,False,2025-12-05T00:00:00-05:00,DelBene,D,False,False,
WA-02,WA,Washington,2026,House,Solid Democrat,0,4.0,Solid Democrat,no-change,False,2025-12-05T00:00:00-05:00,Larsen,D,False,False,
WA-04,WA,Washington,2026,House,Solid Republican,10,-4.0,Solid Republican,no-change,False,2025-12-05T00:00:00-05:00,Newhouse,R,True,False,
WA-05,WA,Washington,2026,House,Solid Republican,10,-4.0,Solid Republican,no-change,False,2025-12-05T00:00:00-05:00,Baumgartner,R,False,False,
WA-06,WA,Washington,2026,House,Solid Democrat,0,4.0,Solid Democrat,no-change,False,2025-12-05T00:00:00-05:00,Randall,D,False,False,
WA-07,WA,Washington,2026,House,Solid Democrat,0,4.0,Solid Democrat,no-change,False,2025-12-05T00:00:00-05:00,Jayapal,D,False,False,
WA-08,WA,Washington,2026,House,Solid Democrat,0,4.0,Solid Democrat,no-change,False,2025-12-05T00:00:00-05:00,Schrier,D,False,False,
WA-09,WA,Washington,2026,House,Solid Democrat,0,4.0,Solid Democrat,no-change,False,2025-12-05T00:00:00-05:00,A. Smith,D,False,False,
WV-01,WV,West Virginia,2026,House,Solid Republican,10,-4.0,Solid Republican,no-change,False,2025-12-05T00:00:00-05:00,Miller,R,False,False,
WV-02,WV,West Virginia,2026,House,Solid Republican,10,-4.0,Solid Republican,no-change,False,2025-12-05T00:00:00-05:00,Moore,R,False,False,
WI-02,WI,Wisconsin,2026,House,Solid Democrat,0,4.0,Solid Democrat,no-change,False,2025-12-05T00:00:00-05:00,Pocan,D,False,False,
WI-04,WI,Wisconsin,2026,House,Solid Democrat,0,4.0,Solid Democrat,no-change,False,2025-12-05T00:00:00-05:00,Moore,D,False,False,
WI-05,WI,Wisconsin,2026,House,Solid Republican,10,-4.0,Solid Republican,no-change,False,2025-12-05T00:00:00-05:00,Fitzgerald,R,False,False,
WI-06,WI,Wisconsin,2026,House,Solid Republican,10,-4.0,Solid Republican,no-change,False,2025-12-05T00:00:00-05:00,Grothman,R,False,False,
WI-07,WI,Wisconsin,2026,House,Solid Republican,10,-4.0,Solid Republican,no-change,False,2025-12-05T00:00:00-05:00,Tiffany,R,True,False,
WI-08,WI,Wisconsin,2026,House,Solid Republican,10,-4.0,Solid Republican,no-change,False,2025-12-05T00:00:00-05:00,Wied,R,False,False,
TX-22,TX,Texas,2026,House,Solid Republican,10,-4.0,Solid Republican,no-change,False,2025-12-05T00:00:00-05:00,Nehls,R,True,False,
SC-07,SC,South Carolina,2026,House,Solid Republican,10,-4.0,Solid Republican,no-change,False,2025-12-05T00:00:00-05:00,Fry,R,False,False,
NV-04,NV,Nevada,2026,House,Likely Democrat,1,3.0,Lean Democrat,left,False,2025-12-05T00:00:00-05:00,Horsford,D,False,False,
TX-33,TX,Texas,2026,House,Solid Democrat,0,4.0,Solid Democrat,no-change,False,2025-12-05T00:00:00-05:00,Veasey,D,True,False,
TX-34,TX,Texas,2026,House,Toss-up,5,0.0,Toss-up,no-change,False,2025-12-05T00:00:00-05:00,V. Gonzalez,D,False,False,
TX-35,TX,Texas,2026,House,Likely Republican,9,-3.0,Likely Republican,no-change,True,2025-12-05T00:00:00-05:00,Greg Casar,D,True,False,
TX-36,TX,Texas,2026,House,Solid Republican,10,-4.0,Solid Republican,no-change,False,2025-12-05T00:00:00-05:00,Babin,R,False,False,
AZ-09,AZ,Arizona,2026,House,Solid Republican,10,-4.0,Solid Republican,no-change,False,2025-12-05T00:00:00-05:00,Gosar,R,False,False,
FL-26,FL,Florida,2026,House,Solid Republican,10,-4.0,Solid Republican,no-change,False,2025-12-05T00:00:00-05:00,Diaz-Balart,R,False,False,
WA-10,WA,Washington,2026,House,Solid Democrat,0,4.0,Solid Democrat,no-change,False,2025-12-05T00:00:00-05:00,Strickland,D,False,False,
CO-08,CO,Colorado,2026,House,Toss-up,5,0.0,Toss-up,no-change,False,2025-12-05T00:00:00-05:00,Evans,R,False,False,
OR-06,OR,Oregon,2026,House,Solid Democrat,0,4.0,Solid Democrat,no-change,False,2025-12-05T00:00:00-05:00,Salinas,D,False,False,
TX-37,TX,Texas,2026,House,Solid Democrat,0,4.0,Solid Democrat,no-change,False,2025-12-05T00:00:00-05:00,"Casar, Doggett",D,True,False,Not seeking re-election as a result of the 2025 Texas redistricting.
MT-02,MT,Montana,2026,House,Solid Republican,10,-4.0,Solid Republican,no-change,False,2025-12-05T00:00:00-05:00,Downing,R,False,False,
NC-14,NC,North Carolina,2026,House,Solid Republican,10,-4.0,Solid Republican,no-change,False,2025-12-05T00:00:00-05:00,Moore,R,False,False,
FL-28,FL,Florida,2026,House,Solid Republican,10,-4.0,Solid Republican,no-change,False,2025-12-05T00:00:00-05:00,Gimenez,R,False,False,
