DISTRICT,STATE_ABBR,POLL_COUNT,USABLE_POLL_COUNT,UNIQUE_POLLSTERS,EFFECTIVE_POLL_COUNT,LAST_POLL_DATE,DAYS_SINCE_LAST_POLL,DEM_MEAN,REP_MEAN,MARGIN,POLLING_DISPERSION,INTERNAL_SHARE,LV_POLL_COUNT,RV_POLL_COUNT,AVG_SAMPLE_SIZE,MEDIAN_SAMPLE_SIZE,POLL_COVERAGE_SCORE,POLL_COVERAGE,UNMAPPED_POLL_COUNT
AK-AL,AK,9,6,3,3.0492500672002363,2026-08-05,32.86520936506944,26.64763894264498,50.12401255912784,-23.47637361648286,14.107822888974285,0.0,5,1,1022.6666666666666,1097.0,54.88539925564455,Medium,3
AR-02,AR,1,1,1,1.0,2026-08-13,24.865209365069443,48.0,44.0,4.0,0.0,0.0,1,0,1112.0,1112.0,40.253263544976846,Low,0
AZ-06,AZ,4,4,3,1.4818156528077806,2026-06-11,87.86520936506945,44.695986442899226,43.02513123677077,1.6708552061284578,0.9574271077563381,0.0,4,0,470.25,450.0,29.694540359344224,Low,0
CA-06,CA,1,1,1,1.0,2026-07-16,52.86520936506945,39.0,35.0,4.0,0.0,0.0,1,0,741.0,741.0,30.919930211643514,Low,0
CA-22,CA,2,2,2,1.0007414876082619,2026-06-21,77.86520936506945,45.739712541220634,43.24657084707355,2.4931416941470843,2.8284271247461903,0.0,1,0,673.5,673.5,26.756507553263,Low,0
CA-48,CA,1,1,1,1.0,2026-09-01,5.865209365069445,45.0,42.0,3.0,0.0,0.0,1,0,522.0,522.0,46.58659687831018,Medium,0
CO-03,CO,1,1,1,1.0,2026-01-12,237.86520936506943,39.0,48.00000000000001,-9.000000000000007,0.0,0.0,1,0,400.0,400.0,18.541666666666668,Low,0
FL-13,FL,2,2,2,1.6761577453345562,2026-08-27,10.865209365069443,43.159326561793044,44.68134687641391,-1.5220203146208675,6.363961030678928,0.0,2,0,450.0,450.0,52.044787014148866,Medium,0
FL-22,FL,1,1,1,1.0,2026-08-12,25.865209365069443,50.0,50.0,0.0,0.0,0.0,1,0,551.0,551.0,39.91993021164352,Low,0
FL-27,FL,3,3,2,2.00939697207378,2026-03-08,182.86520936506946,38.25,45.75000000000001,-7.500000000000007,3.511884584284246,0.0,1,2,568.6666666666666,451.0,27.124445086156122,Low,0
FL-28,FL,2,2,1,2.0,2026-03-07,183.86520936506946,40.49999999999999,45.50000000000001,-5.000000000000014,1.4142135623730951,0.0,2,0,514.0,514.0,22.916666666666664,Low,0
IA-01,IA,2,2,2,1.0001406475687427,2026-07-16,52.86520936506945,40.796290997328086,36.06172132977078,4.734569667557302,0.7071067811865476,0.0,1,0,630.0,630.0,35.087212211423434,Low,0
IA-02,IA,1,1,1,1.0,2026-07-19,49.86520936506945,46.0,45.0,1.0,0.0,0.0,1,0,,,31.919930211643514,Low,0
IL-04,IL,1,1,1,1.0,2026-08-04,33.86520936506944,34.0,15.000000000000002,19.0,0.0,0.0,0,1,653.0,653.0,37.25326354497685,Low,0
ME-02,ME,6,6,3,1.9863336648799204,2026-04-29,130.86520936506946,42.77788902838234,47.11109168756669,-4.3332026591843515,3.63318042491699,0.0,6,0,564.8333333333334,521.0,31.190209783849653,Low,0
MI-04,MI,2,2,2,1.1519774597359227,2026-03-14,176.86520936506946,42.0,43.49999999999999,-1.499999999999993,0.7071067811865476,0.0,1,1,479.5,479.5,23.373234719677995,Low,0
MI-07,MI,3,3,2,1.0046807523111665,2026-08-13,24.865209365069443,48.08269678833497,45.715775503668965,2.366921284666006,1.1547005383792515,0.0,1,2,538.0,557.0,44.44040850300487,Low,0
MI-10,MI,1,1,1,1.0,2026-08-13,24.865209365069443,45.0,45.0,0.0,0.0,0.0,1,0,600.0,600.0,40.253263544976846,Low,0
MT-01,MT,2,2,1,2.0,2026-05-05,124.86520936506945,42.99999999999999,47.5,-4.500000000000007,0.7071067811865476,0.0,2,0,401.0,401.0,22.916666666666664,Low,0
NE-01,NE,2,2,2,1.7876976956618298,2026-05-19,110.86520936506945,40.49999999999999,45.0,-4.500000000000007,3.5355339059327378,0.0,2,0,725.0,725.0,26.154510751853838,Low,0
NH-02,NH,2,2,2,1.668608545395297,2026-08-18,19.865209365069447,50.0,33.8912989946036,16.108701005396398,2.8284271247461903,0.0,1,1,1157.5,1157.5,49.011759264414614,Medium,0
NJ-07,NJ,1,1,1,1.0,2026-05-26,103.86520936506945,47.0,42.99999999999999,4.000000000000007,0.0,0.0,1,0,430.0,430.0,18.541666666666668,Low,0
NM-02,NM,1,1,1,1.0,2026-09-02,4.865209365069445,46.0,43.0,3.0,0.0,0.0,1,0,554.0,554.0,46.919930211643525,Medium,0
NY-01,NY,1,1,1,1.0,2025-12-11,269.8652093650694,38.0,41.0,-3.0,0.0,0.0,0,0,579.0,579.0,18.541666666666668,Low,0
NY-04,NY,1,1,1,1.0,2026-02-17,201.86520936506943,46.0,41.0,5.0,0.0,0.0,1,0,500.0,500.0,18.541666666666668,Low,0
NY-17,NY,3,3,3,1.7139695753420392,2026-07-22,46.86520936506944,46.28857626319259,47.22753280448393,-0.9389565412913399,6.082762530298219,0.0,3,0,767.0,509.0,44.37688043709828,Low,0
NY-18,NY,1,1,1,1.0,2026-02-17,201.86520936506943,42.0,35.0,7.0,0.0,0.0,1,0,500.0,500.0,18.541666666666668,Low,0
NY-21,NY,2,2,2,1.9389753153240727,2026-08-17,20.865209365069447,41.23389202448963,47.24183721904841,-6.007945194558786,12.020815280171307,0.0,1,0,650.0,650.0,49.86128054951967,Medium,0
OH-01,OH,1,1,1,1.0,2026-08-24,13.865209365069445,47.9,44.6,3.299999999999997,0.0,0.0,1,0,509.0,509.0,43.91993021164352,Low,0
OH-07,OH,3,3,3,2.75160942511024,2026-08-10,27.865209365069443,46.82555649030378,39.4652125190349,7.3603439712688825,1.7320508075688772,0.0,2,0,713.0,713.0,55.249888113167486,Medium,0
OH-15,OH,1,1,1,1.0,2026-06-25,73.86520936506945,40.0,45.0,-5.0,0.0,0.0,1,0,550.0,550.0,23.91993021164352,Low,0
PA-01,PA,1,1,1,1.0,2026-08-23,14.865209365069445,48.0,49.0,-1.0,0.0,0.0,1,0,400.0,400.0,43.58659687831019,Low,0
PA-07,PA,1,1,1,1.0,2026-07-02,66.86520936506945,47.00000000000001,43.0,4.000000000000007,0.0,0.0,1,0,550.0,550.0,26.25326354497685,Low,0
PA-08,PA,1,1,1,1.0,2026-06-23,75.86520936506945,47.0,45.0,2.0,0.0,0.0,1,0,400.0,400.0,23.25326354497685,Low,0
PA-10,PA,3,3,2,1.0677064068301676,2026-04-23,136.86520936506946,49.46358031026808,44.481790155134036,4.981790155134043,1.5275252316519465,0.0,0,2,502.6666666666667,549.0,23.004548863215316,Low,0
SC-01,SC,1,1,1,1.0,2026-07-22,46.86520936506944,48.0,50.0,-2.0,0.0,0.0,1,0,400.0,400.0,32.91993021164352,Low,0
TX-15,TX,3,3,3,1.443126388066994,2026-07-30,38.86520936506944,47.59069832093274,44.483721068771295,3.1069772521614425,4.041451884327381,0.0,3,0,678.3333333333334,700.0,45.85860815943662,Medium,0
TX-23,TX,3,3,1,2.960222752585521,2026-03-11,179.86520936506946,41.803278688524586,43.80327868852459,-2.000000000000007,0.0,0.0,0,2,521.0,521.0,27.117641209228317,Low,0
TX-28,TX,1,1,1,1.0,2026-07-30,38.86520936506944,45.0,34.0,11.0,0.0,0.0,1,0,600.0,600.0,35.58659687831018,Low,0
TX-34,TX,1,1,1,1.0,2026-07-30,38.86520936506944,44.99999999999999,42.0,2.999999999999993,0.0,0.0,1,0,700.0,700.0,35.58659687831018,Low,0
TX-35,TX,1,1,1,1.0,2026-08-31,6.865209365069444,44.0,45.0,-1.0,0.0,0.0,1,0,500.0,500.0,46.25326354497685,Medium,0
VA-01,VA,3,3,2,1.0285910175283413,2026-03-12,178.86520936506946,43.75,43.00000000000001,0.7499999999999929,1.5275252316519468,0.0,1,2,494.0,541.0,22.833419035019826,Low,0
VA-02,VA,1,1,1,1.0,2026-07-13,55.86520936506945,47.0,47.0,0.0,0.0,0.0,1,0,700.0,700.0,29.919930211643518,Low,0
VT-AL,VT,2,2,1,1.5031513171471242,2026-07-20,48.86520936506945,61.72477312016689,25.21253781330552,36.51223530686137,4.949747468305833,0.0,2,0,595.5,595.5,34.45455055749552,Low,0
WA-03,WA,2,2,2,1.000442750482956,2026-07-10,58.86520936506945,43.10529436190452,45.84188168898284,-2.7365873270783183,3.7193816690412387,0.0,1,1,250.0,250.0,33.08853391167311,Low,0
WI-03,WI,2,2,2,1.0061726452373387,2026-06-25,73.86520936506945,47.58457387402784,44.38971591601856,3.1948579580092797,1.4142135623730951,0.0,2,0,572.0,572.0,28.113602201223543,Low,0
