Provider State Raw,State,State Abbr,Rating Raw,Rating Standardized,Rating Signed,Projection Raw,Projection Margin D-R PP,Provider D Win Prob,Provider R Win Prob,Retrieved At,State Mapping QA
Alabama,Alabama,AL,Safe R,Safe R,-4.0,R+19.8,-19.8,0,100,2026-09-26T23:39:13.752837+00:00,DIRECT
Alaska,Alaska,AK,Lean D,Lean D,2.0,D+1.6,1.6,62,38,2026-09-26T23:39:13.752837+00:00,DIRECT
Arkansas,Arkansas,AR,Safe R,Safe R,-4.0,R+18.8,-18.8,2,98,2026-09-26T23:39:13.752837+00:00,DIRECT
Colorado,Colorado,CO,Safe D,Safe D,4.0,D+23.7,23.7,100,0,2026-09-26T23:39:13.752837+00:00,DIRECT
Delaware,Delaware,DE,Safe D,Safe D,4.0,D+26.9,26.9,100,0,2026-09-26T23:39:13.752837+00:00,DIRECT
Florida,Florida,FL,Likely R,Likely R,-3.0,R+6.6,-6.6,11,89,2026-09-26T23:39:13.752837+00:00,DIRECT
Georgia,Georgia,GA,Likely D,Likely D,3.0,D+8.4,8.4,93,7,2026-09-26T23:39:13.752837+00:00,DIRECT
Idaho,Idaho,ID,Safe R,Safe R,-4.0,R+23.1,-23.1,1,99,2026-09-26T23:39:13.752837+00:00,DIRECT
Illinois,Illinois,IL,Safe D,Safe D,4.0,D+21.4,21.4,100,0,2026-09-26T23:39:13.752837+00:00,DIRECT
Iowa,Iowa,IA,Tossup,Tossup,0.0,D+0.0,0.0,50,50,2026-09-26T23:39:13.752837+00:00,DIRECT
Kansas,Kansas,KS,Lean R,Lean R,-2.0,R+4.4,-4.4,25,75,2026-09-26T23:39:13.752837+00:00,DIRECT
Kentucky,Kentucky,KY,Safe R,Safe R,-4.0,R+19.4,-19.4,0,100,2026-09-26T23:39:13.752837+00:00,DIRECT
Louisiana,Louisiana,LA,Safe R,Safe R,-4.0,R+16.9,-16.9,1,99,2026-09-26T23:39:13.752837+00:00,DIRECT
Maine,Maine,ME,Lean D,Lean D,2.0,D+1.6,1.6,61,39,2026-09-26T23:39:13.752837+00:00,DIRECT
Massachusetts,Massachusetts,MA,Safe D,Safe D,4.0,D+31.1,31.1,100,0,2026-09-26T23:39:13.752837+00:00,DIRECT
Michigan,Michigan,MI,Lean D,Lean D,2.0,D+4.3,4.3,75,25,2026-09-26T23:39:13.752837+00:00,DIRECT
Minnesota,Minnesota,MN,Likely D,Likely D,3.0,D+5.6,5.6,81,19,2026-09-26T23:39:13.752837+00:00,DIRECT
Mississippi,Mississippi,MS,Safe R,Safe R,-4.0,R+13.2,-13.2,2,98,2026-09-26T23:39:13.752837+00:00,DIRECT
Montana,Montana,MT,Safe R,Safe R,-4.0,R+17.8,-17.8,0,100,2026-09-26T23:39:13.752837+00:00,DIRECT
Nebraska,Nebraska,NE,Lean R,Lean R,-2.0,R+4.3,-4.3,24,76,2026-09-26T23:39:13.752837+00:00,DIRECT
New Hampshire,New Hampshire,NH,Likely D,Likely D,3.0,D+7.5,7.5,88,12,2026-09-26T23:39:13.752837+00:00,DIRECT
New Jersey,New Jersey,NJ,Safe D,Safe D,4.0,D+16.9,16.9,100,0,2026-09-26T23:39:13.752837+00:00,DIRECT
New Mexico,New Mexico,NM,Safe D,Safe D,4.0,D+18.5,18.5,100,0,2026-09-26T23:39:13.752837+00:00,DIRECT
North Carolina,North Carolina,NC,Likely D,Likely D,3.0,D+7.9,7.9,92,8,2026-09-26T23:39:13.752837+00:00,DIRECT
Ohio,Ohio,OH,Tossup,Tossup,0.0,D+1.4,1.4,59,41,2026-09-26T23:39:13.752837+00:00,DIRECT
Oklahoma,Oklahoma,OK,Safe R,Safe R,-4.0,R+27.2,-27.2,0,100,2026-09-26T23:39:13.752837+00:00,DIRECT
Oregon,Oregon,OR,Safe D,Safe D,4.0,D+28.0,28.0,100,0,2026-09-26T23:39:13.752837+00:00,DIRECT
Rhode Island,Rhode Island,RI,Safe D,Safe D,4.0,D+31.1,31.1,100,0,2026-09-26T23:39:13.752837+00:00,DIRECT
South Carolina,South Carolina,SC,Likely R,Likely R,-3.0,R+6.1,-6.1,17,83,2026-09-26T23:39:13.752837+00:00,DIRECT
South Dakota,South Dakota,SD,Safe R,Safe R,-4.0,R+21.0,-21.0,1,99,2026-09-26T23:39:13.752837+00:00,DIRECT
Tennessee,Tennessee,TN,Safe R,Safe R,-4.0,R+22.8,-22.8,0,100,2026-09-26T23:39:13.752837+00:00,DIRECT
Texas,Texas,TX,Lean D,Lean D,2.0,D+2.8,2.8,70,30,2026-09-26T23:39:13.752837+00:00,DIRECT
Virginia,Virginia,VA,Safe D,Safe D,4.0,D+18.9,18.9,100,0,2026-09-26T23:39:13.752837+00:00,DIRECT
West Virginia,West Virginia,WV,Safe R,Safe R,-4.0,R+35.5,-35.5,0,100,2026-09-26T23:39:13.752837+00:00,DIRECT
Wyoming,Wyoming,WY,Safe R,Safe R,-4.0,R+36.5,-36.5,0,100,2026-09-26T23:39:13.752837+00:00,DIRECT
