Matchup,cd,dem_name,rep_name,prediction,raw_prediction,bucket,win_prob_d,flip,win_prob_r,District ID,Rating Standardized,Rating Signed v27
Bill Hill (Ind) vs Nick Begich (R),AK-AL,Bill Hill (Ind),Nick Begich,R+10.4,10.4,Likely R,9,N,91,AK-AL,Likely R,-3.0
Clyde Jones Jr. (D) vs Jerry Carl (R),AL-01,Clyde Jones Jr.,Jerry Carl,R+28.3,28.3,Safe R,0,N,100,AL-01,Safe R,-4.0
Shomari Figures (D) vs Rhett Marques (R),AL-02,Shomari Figures,Rhett Marques,R+0.4,0.4,Tossup,48,Y,52,AL-02,Tossup,0.0
Lee McInnis (D) vs Mike Rogers (R),AL-03,Lee McInnis,Mike Rogers,R+41.6,41.6,Safe R,0,N,100,AL-03,Safe R,-4.0
Amanda Pusczek (D) vs Robert Aderholt (R),AL-04,Amanda Pusczek,Robert Aderholt,R+60.7,60.7,Safe R,0,N,100,AL-04,Safe R,-4.0
Andrew Sneed (D) vs Dale Strong (R),AL-05,Andrew Sneed,Dale Strong,R+24.6,24.6,Safe R,0,N,100,AL-05,Safe R,-4.0
Maurice Mercer (D) vs Gary Palmer (R),AL-06,Maurice Mercer,Gary Palmer,R+27.2,27.2,Safe R,0,N,100,AL-06,Safe R,-4.0
Terri Sewell (D) vs Ammie Akin (R),AL-07,Terri Sewell,Ammie Akin,D+33.9,-33.9,Safe D,100,N,0,AL-07,Safe D,4.0
Terri Green (D) vs Rick Crawford (R),AR-01,Terri Green,Rick Crawford,R+41.9,41.9,Safe R,0,N,100,AR-01,Safe R,-4.0
Chris Jones (D) vs French Hill (R),AR-02,Chris Jones,French Hill,R+5.9,5.9,Likely R,20,N,80,AR-02,Likely R,-3.0
Robb Ryerse (D) vs Steve Womack (R),AR-03,Robb Ryerse,Steve Womack,R+21.4,21.4,Safe R,0,N,100,AR-03,Safe R,-4.0
James Russell (D) vs Bruce Westerman (R),AR-04,James Russell,Bruce Westerman,R+36.0,36.0,Safe R,0,N,100,AR-04,Safe R,-4.0
Amish Shah (D) vs Jay Feely (R),AZ-01,Amish Shah,Jay Feely,D+7.1,-7.1,Likely D,85,Y,15,AZ-01,Likely D,3.0
Jonathan Nez (D) vs Eli Crane (R),AZ-02,Jonathan Nez,Eli Crane,R+2.8,2.8,Lean R,33,N,67,AZ-02,Lean R,-2.0
Yassamin Ansari (D) vs Nicholas Glenn (R),AZ-03,Yassamin Ansari,Nicholas Glenn,D+57.9,-57.9,Safe D,100,N,0,AZ-03,Safe D,4.0
Greg Stanton (D) vs Zuhdi Jasser (R),AZ-04,Greg Stanton,Zuhdi Jasser,D+21.9,-21.9,Safe D,100,N,0,AZ-04,Safe D,4.0
Elizabeth Lee (D) vs Mark Lamb (R),AZ-05,Elizabeth Lee,Mark Lamb,R+12.7,12.7,Safe R,3,N,97,AZ-05,Safe R,-4.0
JoAnna Mendoza (D) vs Juan Ciscomani (R),AZ-06,JoAnna Mendoza,Juan Ciscomani,D+7.5,-7.5,Likely D,87,Y,13,AZ-06,Likely D,3.0
Adelita Grijalva (D) vs Daniel Butierez (R),AZ-07,Adelita Grijalva,Daniel Butierez,D+39.3,-39.3,Safe D,100,N,0,AZ-07,Safe D,4.0
Bernadette Greene-Placentia (D) vs Abraham Hamadeh (R),AZ-08,Bernadette Greene-Placentia,Abraham Hamadeh,R+9.6,9.6,Likely R,8,N,92,AZ-08,Likely R,-3.0
Dani Sterbinsky (D) vs Paul Gosar (R),AZ-09,Dani Sterbinsky,Paul Gosar,R+22.5,22.5,Safe R,0,N,100,AZ-09,Safe R,-4.0
Mike McGuire (D) vs James Gallagher (R),CA-01,Mike McGuire,James Gallagher,D+17.3,-17.3,Safe D,99,Y,1,CA-01,Safe D,4.0
Jared Huffman (D) vs Robin Littau (R),CA-02,Jared Huffman,Robin Littau,D+34.8,-34.8,Safe D,100,N,0,CA-02,Safe D,4.0
Ami Bera (D) vs Robb Tucker (R),CA-03,Ami Bera,Robb Tucker,D+21.2,-21.2,Safe D,100,N,0,CA-03,Safe D,4.0
Mike Thompson (D) vs Eric Jones (D),CA-04,Mike Thompson/Eric Jones,Not Contested,D+100.0,-100.0,Safe D,100,N,0,CA-04,Safe D,4.0
Michael Masuda (D) vs Tom McClintock (R),CA-05,Michael Masuda,Tom McClintock,R+18.5,18.5,Safe R,1,N,99,CA-05,Safe R,-4.0
Richard Pan (D) vs Kevin Kiley (Ind),CA-06,Richard Pan,Kevin Kiley (Ind),D+10.1,-10.1,Likely D,93,Y,7,CA-06,Likely D,3.0
Doris Matsui (D) vs Mai Vang (D),CA-07,Doris Matsui/Mai Vang,Not Contested,D+100.0,-100.0,Safe D,100,N,0,CA-07,Safe D,4.0
John Garamendi (D) vs Rudy Recile (R),CA-08,John Garamendi,Rudy Recile,D+46.2,-46.2,Safe D,100,N,0,CA-08,Safe D,4.0
Josh Harder (D) vs John McBride (R),CA-09,Josh Harder,John McBride,D+25.8,-25.8,Safe D,100,N,0,CA-09,Safe D,4.0
Mark DeSaulnier (D) vs Jeff Frese (R),CA-10,Mark DeSaulnier,Jeff Frese,D+43.0,-43.0,Safe D,100,N,0,CA-10,Safe D,4.0
Scott Weiner (D) vs Connie Chan (D),CA-11,Scott Weiner/Connie Chan,Not Contested,D+100.0,-100.0,Safe D,100,N,0,CA-11,Safe D,4.0
Lateefah Simon (D),CA-12,Lateefah Simon,Not Contested,D+100.0,-100.0,Safe D,100,N,0,CA-12,Safe D,4.0
Adam Gray (D) vs Kevin Lincoln (R),CA-13,Adam Gray,Kevin Lincoln,D+13.4,-13.4,Safe D,97,N,3,CA-13,Safe D,4.0
Aisha Wahab (D) vs Melissa Hernandez (D),CA-14,Aisha Wahab/Melissa Hernandez,Not Contested,D+100.0,-100.0,Safe D,100,N,0,CA-14,Safe D,4.0
Kevin Mullin (D) vs Charles Hoelter (R),CA-15,Kevin Mullin,Charles Hoelter,D+58.1,-58.1,Safe D,100,N,0,CA-15,Safe D,4.0
Sam Liccardo (D) vs Peter Soule (R),CA-16,Sam Liccardo,Peter Soule,D+60.2,-60.2,Safe D,100,N,0,CA-16,Safe D,4.0
Ro Khanna (D) vs Ritesh Tandon (R),CA-17,Ro Khanna,Ritesh Tandon,D+49.7,-49.7,Safe D,100,N,0,CA-17,Safe D,4.0
Zoe Lofgren (D) vs Shane Lewis (R),CA-18,Zoe Lofgren,Shane Lewis,D+38.9,-38.9,Safe D,100,N,0,CA-18,Safe D,4.0
Jimmy Panetta (D) vs Peter Coe Verbica (R),CA-19,Jimmy Panetta,Peter Coe Verbica,D+46.6,-46.6,Safe D,100,N,0,CA-19,Safe D,4.0
Sandra Van Scotter (D) vs Vince Fong (R),CA-20,Sandra Van Scotter,Vince Fong,R+30.9,30.9,Safe R,0,N,100,CA-20,Safe R,-4.0
Jim Costa (D) vs Kyle Kirkland (R),CA-21,Jim Costa,Kyle Kirkland,D+16.8,-16.8,Safe D,99,N,1,CA-21,Safe D,4.0
Randy Villegas (D) vs David Valadao (R),CA-22,Randy Villegas,David Valadao,D+1.7,-1.7,Lean D,60,Y,40,CA-22,Lean D,2.0
Tessa Lynn Hodge (D) vs Jay Obernolte (R),CA-23,Tessa Lynn Hodge,Jay Obernolte,R+19.4,19.4,Safe R,0,N,100,CA-23,Safe R,-4.0
Salud Carbajal (D) vs Bob Smith (R),CA-24,Salud Carbajal,Bob Smith,D+34.2,-34.2,Safe D,100,N,0,CA-24,Safe D,4.0
Raul Ruiz (D) vs Joe Males (R),CA-25,Raul Ruiz,Joe Males,D+21.8,-21.8,Safe D,100,N,0,CA-25,Safe D,4.0
Jacqui Irwin (D) vs Sam Gallucci (R),CA-26,Jacqui Irwin,Sam Gallucci,D+23.1,-23.1,Safe D,100,N,0,CA-26,Safe D,4.0
George Whitesides (D) vs Jason Gibbs (R),CA-27,George Whitesides,Jason Gibbs,D+23.1,-23.1,Safe D,100,N,0,CA-27,Safe D,4.0
Judy Chu (D) vs April A. Verlato (R),CA-28,Judy Chu,April A. Verlato,D+36.9,-36.9,Safe D,100,N,0,CA-28,Safe D,4.0
Luz Rivas (D) vs Angélica María Dueñas (D),CA-29,Luz Rivas/Angélica María Dueñas,Not Contested,D+100.0,-100.0,Safe D,100,N,0,CA-29,Safe D,4.0
Laura Friedman (D) vs Scott Alan Meyers (R),CA-30,Laura Friedman,Scott Alan Meyers,D+51.1,-51.1,Safe D,100,N,0,CA-30,Safe D,4.0
Gil Cisneros (D) vs Eric Ching (R),CA-31,Gil Cisneros,Eric Ching,D+22.8,-22.8,Safe D,100,N,0,CA-31,Safe D,4.0
Brad Sherman (D) vs Larry Thompson (R),CA-32,Brad Sherman,Larry Thompson,D+34.8,-34.8,Safe D,100,N,0,CA-32,Safe D,4.0
Pete Aguilar (D) vs Stephanie M. Vargas (R),CA-33,Pete Aguilar,Stephanie M. Vargas,D+23.4,-23.4,Safe D,100,N,0,CA-33,Safe D,4.0
Jimmy Gomez (D) vs Angela Gonzales-Torres (D),CA-34,Jimmy Gomez/Angela Gonzales-Torres,Not Contested,D+100.0,-100.0,Safe D,100,N,0,CA-34,Safe D,4.0
Norma Torres (D) vs Mike Cargile (R),CA-35,Norma Torres,Mike Cargile,D+20.4,-20.4,Safe D,100,N,0,CA-35,Safe D,4.0
Ted Lieu (D) vs Houston Brignano (R),CA-36,Ted Lieu,Houston Brignano,D+48.4,-48.4,Safe D,100,N,0,CA-36,Safe D,4.0
Sydney Kamlager-Dove (D) vs Samantha Mota (D),CA-37,Sydney Kamlager-Dove/Samantha Mota,Not Contested,D+100.0,-100.0,Safe D,100,N,0,CA-37,Safe D,4.0
Hilda Solis (D) vs Pedro Antonio Casas (R),CA-38,Hilda Solis,Pedro Antonio Casas,D+23.6,-23.6,Safe D,100,Y,0,CA-38,Safe D,4.0
Mark Takano (D) vs Steve Manos (R),CA-39,Mark Takano,Steve Manos,D+22.5,-22.5,Safe D,100,N,0,CA-39,Safe D,4.0
Young Kim (R) vs Ken Calvert (R),CA-40,Not Contested,Young Kim/Ken Calvert,R+100.0,100.0,Safe R,0,N,100,CA-40,Safe R,-4.0
Linda Sanchez (D) vs Mitch Clemmons (R),CA-41,Linda Sanchez,Mitch Clemmons,D+26.6,-26.6,Safe D,100,N,0,CA-41,Safe D,4.0
Robert Garcia (D) vs Brian Burley (R),CA-42,Robert Garcia,Brian Burley,D+24.7,-24.7,Safe D,100,N,0,CA-42,Safe D,4.0
Maxine Waters (D) vs Cristian Morales (R),CA-43,Maxine Waters,Cristian Morales,D+61.3,-61.3,Safe D,100,N,0,CA-43,Safe D,4.0
Nanette Barragan (D) vs Genevieve Angel (R),CA-44,Nanette Barragan,Genevieve Angel,D+51.5,-51.5,Safe D,100,N,0,CA-44,Safe D,4.0
Derek Tran (D) vs Chuong V. Vo (R),CA-45,Derek Tran,Chuong V. Vo,D+18.0,-18.0,Safe D,99,N,1,CA-45,Safe D,4.0
Lou Correa (D) vs David Pan (R),CA-46,Lou Correa,David Pan,D+33.7,-33.7,Safe D,100,N,0,CA-46,Safe D,4.0
Dave Min (D) vs Jenny Rae Le Roux (R),CA-47,Dave Min,Jenny Rae Le Roux,D+21.0,-21.0,Safe D,100,N,0,CA-47,Safe D,4.0
Marni von Wilpert (D) vs Jim Desmond (R),CA-48,Marni von Wilpert,Jim Desmond,D+9.0,-9.0,Likely D,90,Y,10,CA-48,Likely D,3.0
Mike Levin (D) vs Armen Kurdian (R),CA-49,Mike Levin,Armen Kurdian,D+21.9,-21.9,Safe D,100,N,0,CA-49,Safe D,4.0
Scott Peters (D) vs Steve Cohen (R),CA-50,Scott Peters,Steve Cohen,D+27.3,-27.3,Safe D,100,N,0,CA-50,Safe D,4.0
Sara Jacobs (D) vs Ricardo Cabrera (R),CA-51,Sara Jacobs,Ricardo Cabrera,D+29.1,-29.1,Safe D,100,N,0,CA-51,Safe D,4.0
Juan Vargas (D) vs Jeff Belle (R),CA-52,Juan Vargas,Jeff Belle,D+32.8,-32.8,Safe D,100,N,0,CA-52,Safe D,4.0
Melat Kiros (D) vs Christy Peterson (R),CO-01,Melat Kiros,Christy Peterson,D+66.3,-66.3,Safe D,100,N,0,CO-01,Safe D,4.0
Joe Neguse (D) vs Kelley Anne Dennison (R),CO-02,Joe Neguse,Kelley Anne Dennison,D+51.8,-51.8,Safe D,100,N,0,CO-02,Safe D,4.0
Dwayne Romero (D) vs Jeff Hurd (R),CO-03,Dwayne Romero,Jeff Hurd,R+3.7,3.7,Lean R,29,N,71,CO-03,Lean R,-2.0
Eileen Laubacher (D) vs Lauren Boebert (R),CO-04,Eileen Laubacher,Lauren Boebert,R+1.7,1.7,Lean R,40,N,60,CO-04,Lean R,-2.0
Jessica Killin (D) vs Jeff Crank (R),CO-05,Jessica Killin,Jeff Crank,R+4.5,4.5,Lean R,25,N,75,CO-05,Lean R,-2.0
Jason Crow (D) vs Mel Tewahade (R),CO-06,Jason Crow,Mel Tewahade,D+32.8,-32.8,Safe D,100,N,0,CO-06,Safe D,4.0
Brittany Pettersen (D) vs Tim Bennett (R),CO-07,Brittany Pettersen,Tim Bennett,D+28.2,-28.2,Safe D,100,N,0,CO-07,Safe D,4.0
Manny Rutinel (D) vs Gabe Evans (R),CO-08,Manny Rutinel,Gabe Evans,D+3.2,-3.2,Lean D,69,Y,31,CO-08,Lean D,2.0
Luke Bronin (D) vs Amy Chai (R),CT-01,Luke Bronin,Amy Chai,D+34.3,-34.3,Safe D,100,N,0,CT-01,Safe D,4.0
Joe Courtney (D) vs George Austin (R),CT-02,Joe Courtney,George Austin,D+25.4,-25.4,Safe D,100,N,0,CT-02,Safe D,4.0
Rosa DeLauro (D) vs Christopher Lancia (R),CT-03,Rosa DeLauro,Christopher Lancia,D+28.6,-28.6,Safe D,100,N,0,CT-03,Safe D,4.0
Jim Himes (D) vs Michael Goldstein (R),CT-04,Jim Himes,Michael Goldstein,D+34.6,-34.6,Safe D,100,N,0,CT-04,Safe D,4.0
Jahana Hayes (D) vs Chris Shea (R),CT-05,Jahana Hayes,Chris Shea,D+18.3,-18.3,Safe D,99,N,1,CT-05,Safe D,4.0
Sarah McBride (D) vs Eventual Nominee (R),DE-AL,Sarah McBride,Eventual Nominee,D+28.3,-28.3,Safe D,100,N,0,DE-AL,Safe D,4.0
Gay Valimont (D) vs Jimmy Patronis (R),FL-01,Gay Valimont,Jimmy Patronis,R+31.4,31.4,Safe R,0,N,100,FL-01,Safe R,-4.0
Amanda Green (D) vs Austin Rogers (R),FL-02,Amanda Green,Austin Rogers,R+12.8,12.8,Safe R,3,N,97,FL-02,Safe R,-4.0
Seth Harp (D) vs Kat Cammack (R),FL-03,Seth Harp,Kat Cammack,R+18.2,18.2,Safe R,1,N,99,FL-03,Safe R,-4.0
LaShonda Holloway (D) vs Aaron Bean (R),FL-04,LaShonda Holloway,Aaron Bean,R+9.5,9.5,Likely R,8,N,92,FL-04,Likely R,-3.0
Rachel Grage (D) vs John Rutherford (R),FL-05,Rachel Grage,John Rutherford,R+19.6,19.6,Safe R,0,N,100,FL-05,Safe R,-4.0
Eric Yonce (D) vs Randy Fine (R),FL-06,Eric Yonce,Randy Fine,R+26.9,26.9,Safe R,0,N,100,FL-06,Safe R,-4.0
Bale Dalton (D) vs Ryan Elijah (R),FL-07,Bale Dalton,Ryan Elijah,R+3.6,3.6,Lean R,30,N,70,FL-07,Lean R,-2.0
Jennifer Jenkins (D) vs Mike Haridopolos (R),FL-08,Jennifer Jenkins,Mike Haridopolos,R+12.5,12.5,Safe R,4,N,96,FL-08,Safe R,-4.0
Darren Soto (D) vs Dan Green (R),FL-09,Darren Soto,Dan Green,R+6.4,6.4,Likely R,17,Y,83,FL-09,Likely R,-3.0
Maxwell Frost (D) vs Eventual Nominee (R),FL-10,Maxwell Frost,Eventual Nominee,D+36.2,-36.2,Safe D,100,N,0,FL-10,Safe D,4.0
James Pericola (D) vs Joe Strada (R),FL-11,James Pericola,Joe Strada,R+10.2,10.2,Likely R,7,N,93,FL-11,Likely R,-3.0
Kimberly Overman (D) vs Gus Bilirakis (R),FL-12,Kimberly Overman,Gus Bilirakis,R+12.0,12.0,Safe R,4,N,96,FL-12,Safe R,-4.0
Leela Gray (D) vs Anna Paulina Luna (R),FL-13,Leela Gray,Anna Paulina Luna,R+6.9,6.9,Likely R,16,N,84,FL-13,Likely R,-3.0
Kathy Castor (D) vs Mike Beltran (R),FL-14,Kathy Castor,Mike Beltran,D+1.2,-1.2,Tossup,57,N,43,FL-14,Tossup,0.0
Robert People (D) vs Laurel Lee (R),FL-15,Robert People,Laurel Lee,R+17.6,17.6,Safe R,1,N,99,FL-15,Safe R,-4.0
Kelly Kirschner (D) vs Sydney Gruters (R),FL-16,Kelly Kirschner,Sydney Gruters,R+7.2,7.2,Likely R,14,N,86,FL-16,Likely R,-3.0
Matthew Montavon (D) vs Greg Steube (R),FL-17,Matthew Montavon,Greg Steube,R+20.3,20.3,Safe R,0,N,100,FL-17,Safe R,-4.0
Curtis Gibson (D) vs Scott Franklin (R),FL-18,Curtis Gibson,Scott Franklin,R+14.2,14.2,Safe R,2,N,98,FL-18,Safe R,-4.0
Victor Arias (D) vs Jim Schwartzel (R),FL-19,Victor Arias,Jim Schwartzel,R+25.4,25.4,Safe R,0,N,100,FL-19,Safe R,-4.0
Debbie Wasserman Schultz (D) vs Brent Andersen (R),FL-20,Debbie Wasserman Schultz,Brent Andersen,D+48.1,-48.1,Safe D,100,N,0,FL-20,Safe D,4.0
James Martin (D) vs Brian Mast (R),FL-21,James Martin,Brian Mast,R+14.7,14.7,Safe R,2,N,98,FL-21,Safe R,-4.0
Pia Dandiya (D) vs Casey Askar (R),FL-22,Pia Dandiya,Casey Askar,R+5.0,5.0,Lean R,23,Y,77,FL-22,Lean R,-2.0
Lois Frankel (D) vs Deborah Adeimy (R),FL-23,Lois Frankel,Deborah Adeimy,D+27.3,-27.3,Safe D,100,N,0,FL-23,Safe D,4.0
Oliver Gilbert (D) vs Te Mayonna Brown (R),FL-24,Oliver Gilbert,Te Mayonna Brown,D+48.8,-48.8,Safe D,100,N,0,FL-24,Safe D,4.0
Jared Moskowitz (D) vs Scott Singer (R),FL-25,Jared Moskowitz,Scott Singer,D+0.9,-0.9,Tossup,56,N,44,FL-25,Tossup,0.0
Nicole Locklin (D) vs Mario Diaz-Balart (R),FL-26,Nicole Locklin,Mario Diaz-Balart,R+18.3,18.3,Safe R,1,N,99,FL-26,Safe R,-4.0
Eliott Rodriguez (D) vs Maria Elvira Salazar (R),FL-27,Eliott Rodriguez,Maria Elvira Salazar,R+11.3,11.3,Safe R,5,N,95,FL-27,Safe R,-4.0
Phil Ehr (D) vs Carlos Gimenez (R),FL-28,Phil Ehr,Carlos Gimenez,R+21.7,21.7,Safe R,0,N,100,FL-28,Safe R,-4.0
Amanda Hollowell (D) vs Jim Kingston (R),GA-01,Amanda Hollowell,Jim Kingston,R+15.1,15.1,Safe R,2,N,98,GA-01,Safe R,-4.0
Sanford Bishop (D) vs Matt Day (R),GA-02,Sanford Bishop,Matt Day,D+17.8,-17.8,Safe D,99,N,1,GA-02,Safe D,4.0
Maura Keller (D) vs Brian Jack (R),GA-03,Maura Keller,Brian Jack,R+32.2,32.2,Safe R,0,N,100,GA-03,Safe R,-4.0
Hank Johnson (D) vs James Duffie (R),GA-04,Hank Johnson,James Duffie,D+60.4,-60.4,Safe D,100,N,0,GA-04,Safe D,4.0
Nikema Williams (D) vs John Oscar Salvesen (R),GA-05,Nikema Williams,John Oscar Salvesen,D+78.2,-78.2,Safe D,100,N,0,GA-05,Safe D,4.0
Lucy McBath (D) vs Kevin Martin (R),GA-06,Lucy McBath,Kevin Martin,D+57.5,-57.5,Safe D,100,N,0,GA-06,Safe D,4.0
Tony Kozycki (D) vs Rich McCormick (R),GA-07,Tony Kozycki,Rich McCormick,R+25.8,25.8,Safe R,0,N,100,GA-07,Safe R,-4.0
Kelly Esti (D) vs Austin Scott (R),GA-08,Kelly Esti,Austin Scott,R+33.4,33.4,Safe R,0,N,100,GA-08,Safe R,-4.0
Caitlyn Gegen (D) vs Andrew Clyde (R),GA-09,Caitlyn Gegen,Andrew Clyde,R+36.1,36.1,Safe R,0,N,100,GA-09,Safe R,-4.0
Pamela Delancy (D) vs Houston Gaines (R),GA-10,Pamela Delancy,Houston Gaines,R+20.5,20.5,Safe R,0,N,100,GA-10,Safe R,-4.0
Chris Harden (D) vs John Cowan (R),GA-11,Chris Harden,John Cowan,R+19.4,19.4,Safe R,0,N,100,GA-11,Safe R,-4.0
Ceretta Smith (D) vs Rick Allen (R),GA-12,Ceretta Smith,Rick Allen,R+17.7,17.7,Safe R,1,N,99,GA-12,Safe R,-4.0
Jasmine Clark (D) vs Jonathan Chavez (R),GA-13,Jasmine Clark,Jonathan Chavez,D+48.5,-48.5,Safe D,100,N,0,GA-13,Safe D,4.0
Shawn Harris (D) vs Clay Fuller (R),GA-14,Shawn Harris,Clay Fuller,R+29.2,29.2,Safe R,0,N,100,GA-14,Safe R,-4.0
Ed Case (D) vs Adriel Lam (R),HI-01,Ed Case,Adriel Lam,D+46.9,-46.9,Safe D,100,N,0,HI-01,Safe D,4.0
Jill Tokuda (D) vs Brenton Awa (R),HI-02,Jill Tokuda,Brenton Awa,D+39.3,-39.3,Safe D,100,N,0,HI-02,Safe D,4.0
Christina Bohannan (D) vs Mariannette Miller-Meeks (R),IA-01,Christina Bohannan,Mariannette Miller-Meeks,D+4.3,-4.3,Lean D,74,Y,26,IA-01,Lean D,2.0
Lindsay James (D) vs Joe Mitchell (R),IA-02,Lindsay James,Joe Mitchell,D+0.2,-0.2,Tossup,51,Y,49,IA-02,Tossup,0.0
Sarah Trone Garriott (D) vs Zach Nunn (R),IA-03,Sarah Trone Garriott,Zach Nunn,D+4.1,-4.1,Lean D,73,Y,27,IA-03,Lean D,2.0
Dave Dawson (D) vs Chris McGowan (R),IA-04,Dave Dawson,Chris McGowan,R+22.9,22.9,Safe R,0,N,100,IA-04,Safe R,-4.0
Kaylee Peterson (D) vs Russ Fulcher (R),ID-01,Kaylee Peterson,Russ Fulcher,R+40.5,40.5,Safe R,0,N,100,ID-01,Safe R,-4.0
Ellie Gilbreath (D) vs Mike Simpson (R),ID-02,Ellie Gilbreath,Mike Simpson,R+24.1,24.1,Safe R,0,N,100,ID-02,Safe R,-4.0
Jonathan Jackson (D) vs Christian Maxwell (R),IL-01,Jonathan Jackson,Christian Maxwell,D+44.9,-44.9,Safe D,100,N,0,IL-01,Safe D,4.0
Donna Miller (D) vs Michael Noack (R),IL-02,Donna Miller,Michael Noack,D+46.1,-46.1,Safe D,100,N,0,IL-02,Safe D,4.0
Delia Ramirez (D) vs Angel Oakley (R),IL-03,Delia Ramirez,Angel Oakley,D+47.9,-47.9,Safe D,100,N,0,IL-03,Safe D,4.0
Patty Garcia (D) vs Lupe Castillo (R),IL-04,Patty Garcia,Lupe Castillo,D+42.3,-42.3,Safe D,100,N,0,IL-04,Safe D,4.0
Mike Quigley (D) vs Tommy Hanson (R),IL-05,Mike Quigley,Tommy Hanson,D+52.0,-52.0,Safe D,100,N,0,IL-05,Safe D,4.0
Sean Casten (D) vs Niki Conforti (R),IL-06,Sean Casten,Niki Conforti,D+21.2,-21.2,Safe D,100,N,0,IL-06,Safe D,4.0
La Shawn Ford (D) vs Chad Koppie (R),IL-07,La Shawn Ford,Chad Koppie,D+76.6,-76.6,Safe D,100,N,0,IL-07,Safe D,4.0
Melissa Bean (D) vs Jennifer Davis (R),IL-08,Melissa Bean,Jennifer Davis,D+17.8,-17.8,Safe D,99,N,1,IL-08,Safe D,4.0
Daniel Biss (D) vs John Elleson (R),IL-09,Daniel Biss,John Elleson,D+45.8,-45.8,Safe D,100,N,0,IL-09,Safe D,4.0
Brad Schneider (D) vs Carl Lambrecht (R),IL-10,Brad Schneider,Carl Lambrecht,D+36.1,-36.1,Safe D,100,N,0,IL-10,Safe D,4.0
Bill Foster (D) vs Jeff Walter (R),IL-11,Bill Foster,Jeff Walter,D+26.4,-26.4,Safe D,100,N,0,IL-11,Safe D,4.0
Julie Fortier (D) vs Mike Bost (R),IL-12,Julie Fortier,Mike Bost,R+38.6,38.6,Safe R,0,N,100,IL-12,Safe R,-4.0
Nikki Budzinski (D) vs Jeff Wilson (R),IL-13,Nikki Budzinski,Jeff Wilson,D+28.5,-28.5,Safe D,100,N,0,IL-13,Safe D,4.0
Lauren Underwood (D) vs James Marter (R),IL-14,Lauren Underwood,James Marter,D+22.8,-22.8,Safe D,100,N,0,IL-14,Safe D,4.0
Jennifer Todd (D) vs Mary Miller (R),IL-15,Jennifer Todd,Mary Miller,R+34.0,34.0,Safe R,0,N,100,IL-15,Safe R,-4.0
Paul Nolley (D) vs Darin LaHood (R),IL-16,Paul Nolley,Darin LaHood,R+21.8,21.8,Safe R,0,N,100,IL-16,Safe R,-4.0
Eric Sorensen (D) vs Dillan Vancil (R),IL-17,Eric Sorensen,Dillan Vancil,D+20.9,-20.9,Safe D,100,N,0,IL-17,Safe D,4.0
Frank Mrvan (D) vs Barb Regnitz (R),IN-01,Frank Mrvan,Barb Regnitz,D+13.9,-13.9,Safe D,98,N,2,IN-01,Safe D,4.0
Jamee Decio (D) vs Rudy Yakym (R),IN-02,Jamee Decio,Rudy Yakym,R+24.2,24.2,Safe R,0,N,100,IN-02,Safe R,-4.0
Kelly Thompson (D) vs Marlin Stutzman (R),IN-03,Kelly Thompson,Marlin Stutzman,R+28.6,28.6,Safe R,0,N,100,IN-03,Safe R,-4.0
Drew Cox (D) vs Jim Baird (R),IN-04,Drew Cox,Jim Baird,R+27.3,27.3,Safe R,0,N,100,IN-04,Safe R,-4.0
J.D. Ford (D) vs Victoria Spartz (R),IN-05,J.D. Ford,Victoria Spartz,R+11.4,11.4,Safe R,5,N,95,IN-05,Safe R,-4.0
Cinde Wirth (D) vs Jefferson Shreve (R),IN-06,Cinde Wirth,Jefferson Shreve,R+28.9,28.9,Safe R,0,N,100,IN-06,Safe R,-4.0
Andre Carson (D) vs Patrick McAuley (R),IN-07,Andre Carson,Patrick McAuley,D+53.9,-53.9,Safe D,100,N,0,IN-07,Safe D,4.0
Mary Allen (D) vs Mark Messmer (R),IN-08,Mary Allen,Mark Messmer,R+33.4,33.4,Safe R,0,N,100,IN-08,Safe R,-4.0
Brad Meyer (D) vs Erin Houchin (R),IN-09,Brad Meyer,Erin Houchin,R+26.8,26.8,Safe R,0,N,100,IN-09,Safe R,-4.0
Lauren Reinhold (D) vs Tracey Mann (R),KS-01,Lauren Reinhold,Tracey Mann,R+29.3,29.3,Safe R,0,N,100,KS-01,Safe R,-4.0
Don Coover (D) vs Derek Schmidt (R),KS-02,Don Coover,Derek Schmidt,R+14.5,14.5,Safe R,2,N,98,KS-02,Safe R,-4.0
Sharice Davids (D) vs Eric Jenkins (R),KS-03,Sharice Davids,Eric Jenkins,D+20.4,-20.4,Safe D,100,N,0,KS-03,Safe D,4.0
Katy Tyndell (D) vs Ron Estes (R),KS-04,Katy Tyndell,Ron Estes,R+20.6,20.6,Safe R,0,N,100,KS-04,Safe R,-4.0
Drew Williams (D) vs James Comer (R),KY-01,Drew Williams,James Comer,R+41.5,41.5,Safe R,0,N,100,KY-01,Safe R,-4.0
Megan Wingfield (D) vs Brett Guthrie (R),KY-02,Megan Wingfield,Brett Guthrie,R+36.9,36.9,Safe R,0,N,100,KY-02,Safe R,-4.0
Morgan McGarvey (D) vs Maria Rodriguez (R),KY-03,Morgan McGarvey,Maria Rodriguez,D+36.2,-36.2,Safe D,100,N,0,KY-03,Safe D,4.0
Melissa Strange (D) vs Ed Gallrein (R),KY-04,Melissa Strange,Ed Gallrein,R+27.7,27.7,Safe R,0,N,100,KY-04,Safe R,-4.0
Ned Pillersdorf (D) vs Hal Rogers (R),KY-05,Ned Pillersdorf,Hal Rogers,R+58.0,58.0,Safe R,0,N,100,KY-05,Safe R,-4.0
Zach Dembo (D) vs Ralph Alvarado (R),KY-06,Zach Dembo,Ralph Alvarado,R+4.6,4.6,Lean R,24,N,76,KY-06,Lean R,-2.0
Lauren Jewett (D) vs Steve Scalise (R),LA-01,Lauren Jewett,Steve Scalise,R+41.2,41.2,Safe R,0,N,100,LA-01,Safe R,-4.0
Troy Carter (D) vs Eventual Nominee (R),LA-02,Troy Carter,Eventual Nominee,D+60.5,-60.5,Safe D,100,N,0,LA-02,Safe D,4.0
Eventual Nominee (D) vs Clay Higgins (R),LA-03,Eventual Nominee,Clay Higgins,R+40.3,40.3,Safe R,0,N,100,LA-03,Safe R,-4.0
Eventual Nominee (D) vs Mike Johnson (R),LA-04,Eventual Nominee,Mike Johnson,R+38.3,38.3,Safe R,0,N,100,LA-04,Safe R,-4.0
Eventual Nominee (D) vs Eventual Nominee (R),LA-05,Eventual Nominee,Eventual Nominee,R+32.8,32.8,Safe R,0,N,100,LA-05,Safe R,-4.0
Cleo Fields (D) vs Eventual Nominee (R),LA-06,Cleo Fields,Eventual Nominee,R+24.5,24.5,Safe R,0,Y,100,LA-06,Safe R,-4.0
Richard Neal (D) vs Eventual Nominee (R),MA-01,Richard Neal,Eventual Nominee,D+30.2,-30.2,Safe D,100,N,0,MA-01,Safe D,4.0
Jim McGovern (D) vs Eventual Nominee (R),MA-02,Jim McGovern,Eventual Nominee,D+40.7,-40.7,Safe D,100,N,0,MA-02,Safe D,4.0
Lori Trahan (D) vs Gary Grossi (R),MA-03,Lori Trahan,Gary Grossi,D+35.7,-35.7,Safe D,100,N,0,MA-03,Safe D,4.0
Jake Auchincloss (D) vs Tom Stalcup (R),MA-04,Jake Auchincloss,Tom Stalcup,D+32.4,-32.4,Safe D,100,N,0,MA-04,Safe D,4.0
Katherine Clark (D) vs Eventual Nominee (R),MA-05,Katherine Clark,Eventual Nominee,D+58.9,-58.9,Safe D,100,N,0,MA-05,Safe D,4.0
Eventual Nominee (D) vs Micah Jones (R),MA-06,Eventual Nominee,Micah Jones,D+33.6,-33.6,Safe D,100,N,0,MA-06,Safe D,4.0
Ayanna Pressley (D) vs Eventual Nominee (R),MA-07,Ayanna Pressley,Eventual Nominee,D+77.1,-77.1,Safe D,100,N,0,MA-07,Safe D,4.0
Stephen Lynch (D) vs Eventual Nominee (R),MA-08,Stephen Lynch,Eventual Nominee,D+46.8,-46.8,Safe D,100,N,0,MA-08,Safe D,4.0
Bill Keating (D) vs Tyler MacAllister (R),MA-09,Bill Keating,Tyler MacAllister,D+26.5,-26.5,Safe D,100,N,0,MA-09,Safe D,4.0
Dan Schwartz (D) vs Andy Harris (R),MD-01,Dan Schwartz,Andy Harris,R+12.2,12.2,Safe R,4,N,96,MD-01,Safe R,-4.0
Johnny Olszewski (D) vs Dave Wallace (R),MD-02,Johnny Olszewski,Dave Wallace,D+32.3,-32.3,Safe D,100,N,0,MD-02,Safe D,4.0
Sarah Elfreth (D) vs Berney Flowers (R),MD-03,Sarah Elfreth,Berney Flowers,D+37.3,-37.3,Safe D,100,N,0,MD-03,Safe D,4.0
Glenn Ivey (D) vs George McDermott (R),MD-04,Glenn Ivey,George McDermott,D+87.7,-87.7,Safe D,100,N,0,MD-04,Safe D,4.0
Adrian Boafo (D) vs Chris Chaffee (R),MD-05,Adrian Boafo,Chris Chaffee,D+43.9,-43.9,Safe D,100,N,0,MD-05,Safe D,4.0
April McClain Delaney (D) vs Robin Ficker (R),MD-06,April McClain Delaney,Robin Ficker,D+20.8,-20.8,Safe D,100,N,0,MD-06,Safe D,4.0
Kweisi Mfume (D) vs Scott Collier (R),MD-07,Kweisi Mfume,Scott Collier,D+75.2,-75.2,Safe D,100,N,0,MD-07,Safe D,4.0
Jamie Raskin (D) vs Cheryl Riley (R),MD-08,Jamie Raskin,Cheryl Riley,D+67.8,-67.8,Safe D,100,N,0,MD-08,Safe D,4.0
Chellie Pingree (D) vs Ronald Russell (R),ME-01,Chellie Pingree,Ronald Russell,D+35.0,-35.0,Safe D,100,N,0,ME-01,Safe D,4.0
Matt Dunlap (D) vs Paul LePage (R),ME-02,Matt Dunlap,Paul LePage,R+1.2,1.2,Tossup,43,Y,57,ME-02,Tossup,0.0
Callie Barr (D) vs Jack Bergman (R),MI-01,Callie Barr,Jack Bergman,R+13.3,13.3,Safe R,3,N,97,MI-01,Safe R,-4.0
Ben Ambrose (D) vs John Moolenaar (R),MI-02,Ben Ambrose,John Moolenaar,R+27.3,27.3,Safe R,0,N,100,MI-02,Safe R,-4.0
Hillary Scholten (D) vs Terri DeBoer (R),MI-03,Hillary Scholten,Terri DeBoer,D+22.1,-22.1,Safe D,100,N,0,MI-03,Safe D,4.0
Sean McCann (D) vs Bill Huizenga (R),MI-04,Sean McCann,Bill Huizenga,R+1.5,1.5,Tossup,42,N,58,MI-04,Tossup,0.0
Christian Vukasovich (D) vs Tim Walberg (R),MI-05,Christian Vukasovich,Tim Walberg,R+24.2,24.2,Safe R,0,N,100,MI-05,Safe R,-4.0
Debbie Dingell (D) vs Heather Smiley (R),MI-06,Debbie Dingell,Heather Smiley,D+39.0,-39.0,Safe D,100,N,0,MI-06,Safe D,4.0
Will Lawrence (D) vs Tom Barrett (R),MI-07,Will Lawrence,Tom Barrett,D+1.9,-1.9,Lean D,62,Y,38,MI-07,Lean D,2.0
Kristen McDonald Rivet (D) vs Thomas Smith (R),MI-08,Kristen McDonald Rivet,Thomas Smith,D+16.7,-16.7,Safe D,99,N,1,MI-08,Safe D,4.0
Ray Pooley (D) vs Lisa McClain (R),MI-09,Ray Pooley,Lisa McClain,R+29.6,29.6,Safe R,0,N,100,MI-09,Safe R,-4.0
Christina Hines (D) vs Michael Bouchard (R),MI-10,Christina Hines,Michael Bouchard,D+3.1,-3.1,Lean D,68,Y,32,MI-10,Lean D,2.0
Jeremy Moss (D) vs Ethan Baker (R),MI-11,Jeremy Moss,Ethan Baker,D+27.4,-27.4,Safe D,100,N,0,MI-11,Safe D,4.0
Rashida Tlaib (D) vs James Hooper (R),MI-12,Rashida Tlaib,James Hooper,D+53.4,-53.4,Safe D,100,N,0,MI-12,Safe D,4.0
Donovan McKinney (D) vs T.P. Nykoriak (R),MI-13,Donovan McKinney,T.P. Nykoriak,D+52.3,-52.3,Safe D,100,N,0,MI-13,Safe D,4.0
Jake Johnson (D) vs Brad Finstad (R),MN-01,Jake Johnson,Brad Finstad,R+11.7,11.7,Safe R,4,N,96,MN-01,Safe R,-4.0
Matt Little (D) vs Eric Pratt (R),MN-02,Matt Little,Eric Pratt,D+10.5,-10.5,Likely D,94,N,6,MN-02,Likely D,3.0
Kelly Morrison (D) vs Tyler Bass (R),MN-03,Kelly Morrison,Tyler Bass,D+27.5,-27.5,Safe D,100,N,0,MN-03,Safe D,4.0
Betty McCollum (D) vs Paul Wiksom (R),MN-04,Betty McCollum,Paul Wiksom,D+42.5,-42.5,Safe D,100,N,0,MN-04,Safe D,4.0
Ilhan Omar (D) vs John Nagel (R),MN-05,Ilhan Omar,John Nagel,D+61.4,-61.4,Safe D,100,N,0,MN-05,Safe D,4.0
Doug Chapin (D) vs Tom Emmer (R),MN-06,Doug Chapin,Tom Emmer,R+22.9,22.9,Safe R,0,N,100,MN-06,Safe R,-4.0
Erik Osberg (D) vs Michelle Fischbach (R),MN-07,Erik Osberg,Michelle Fischbach,R+37.2,37.2,Safe R,0,N,100,MN-07,Safe R,-4.0
Trina Swanson (D) vs Pete Stauber (R),MN-08,Trina Swanson,Pete Stauber,R+15.4,15.4,Safe R,1,N,99,MN-08,Safe R,-4.0
Wesley Bell (D) vs Paul Berry III (R),MO-01,Wesley Bell,Paul Berry III,D+73.2,-73.2,Safe D,100,N,0,MO-01,Safe D,4.0
Fred Wellman (D) vs Ann Wagner (R),MO-02,Fred Wellman,Ann Wagner,R+6.5,6.5,Likely R,17,N,83,MO-02,Likely R,-3.0
Bethany Mann (D) vs Bob Onder (R),MO-03,Bethany Mann,Bob Onder,R+14.5,14.5,Safe R,2,N,98,MO-03,Safe R,-4.0
Jordan Herrera (D) vs Mark Alford (R),MO-04,Jordan Herrera,Mark Alford,R+17.0,17.0,Safe R,1,N,99,MO-04,Safe R,-4.0
Emanuel Cleaver (D) vs Rick Brattin (R),MO-05,Emanuel Cleaver,Rick Brattin,R+5.7,5.7,Likely R,19,Y,81,MO-05,Likely R,-3.0
Josh Smead (D) vs Chris Stigall (R),MO-06,Josh Smead,Chris Stigall,R+19.4,19.4,Safe R,1,N,99,MO-06,Safe R,-4.0
Missi Hesketh (D) vs Eric Burlison (R),MO-07,Missi Hesketh,Eric Burlison,R+38.4,38.4,Safe R,0,N,100,MO-07,Safe R,-4.0
Chris Reichard (D) vs Jason Smith (R),MO-08,Chris Reichard,Jason Smith,R+48.5,48.5,Safe R,0,N,100,MO-08,Safe R,-4.0
Cliff Johnson (D) vs Trent Kelly (R),MS-01,Cliff Johnson,Trent Kelly,R+33.9,33.9,Safe R,0,N,100,MS-01,Safe R,-4.0
Bennie Thompson (D) vs Ron Eller (R),MS-02,Bennie Thompson,Ron Eller,D+34.1,-34.1,Safe D,100,N,0,MS-02,Safe D,4.0
Michael Chiaradio (D) vs Michael Guest (R),MS-03,Michael Chiaradio,Michael Guest,R+28.8,28.8,Safe R,0,N,100,MS-03,Safe R,-4.0
Jeffrey Hulum III (D) vs Mike Ezell (R),MS-04,Jeffrey Hulum III,Mike Ezell,R+41.6,41.6,Safe R,0,N,100,MS-04,Safe R,-4.0
Sam Forstag (D) vs Aaron Flint (R),MT-01,Sam Forstag,Aaron Flint,R+4.2,4.2,Lean R,26,N,74,MT-01,Lean R,-2.0
Brian Miller (D) vs Troy Downing (R),MT-02,Brian Miller,Troy Downing,R+27.7,27.7,Safe R,0,N,100,MT-02,Safe R,-4.0
Don Davis (D) vs Laurie Buckhout (R),NC-01,Don Davis,Laurie Buckhout,D+0.9,-0.9,Tossup,55,N,45,NC-01,Tossup,0.0
Deborah Ross (D) vs Eugene Douglass (R),NC-02,Deborah Ross,Eugene Douglass,D+46.1,-46.1,Safe D,100,N,0,NC-02,Safe D,4.0
Raymond Smith Jr. (D) vs Greg Murphy (R),NC-03,Raymond Smith Jr.,Greg Murphy,R+12.5,12.5,Safe R,4,N,96,NC-03,Safe R,-4.0
Valerie Foushee (D) vs Max Ganorkar (R),NC-04,Valerie Foushee,Max Ganorkar,D+57.6,-57.6,Safe D,100,N,0,NC-04,Safe D,4.0
Chuck Hubbard (D) vs Virginia Foxx (R),NC-05,Chuck Hubbard,Virginia Foxx,R+13.5,13.5,Safe R,3,N,97,NC-05,Safe R,-4.0
Cyril Jefferson (D) vs Addison McDowell (R),NC-06,Cyril Jefferson,Addison McDowell,R+15.5,15.5,Safe R,1,N,99,NC-06,Safe R,-4.0
Kimberly Hardy (D) vs David Rouzer (R),NC-07,Kimberly Hardy,David Rouzer,R+11.4,11.4,Safe R,5,N,95,NC-07,Safe R,-4.0
Colby Watson (D) vs Mark Harris (R),NC-08,Colby Watson,Mark Harris,R+16.7,16.7,Safe R,1,N,99,NC-08,Safe R,-4.0
Richard Ojeda (D) vs Richard Hudson (R),NC-09,Richard Ojeda,Richard Hudson,R+10.8,10.8,Safe R,5,N,95,NC-09,Safe R,-4.0
Ashley Bell (D) vs Pat Harrigan (R),NC-10,Ashley Bell,Pat Harrigan,R+16.0,16.0,Safe R,1,N,99,NC-10,Safe R,-4.0
Jamie Ager (D) vs Eventual Nominee (R),NC-11,Jamie Ager,Eventual Nominee,R+1.0,1.0,Tossup,44,N,56,NC-11,Tossup,0.0
Alma Adams (D) vs Jack Codiga (R),NC-12,Alma Adams,Jack Codiga,D+57.5,-57.5,Safe D,100,N,0,NC-12,Safe D,4.0
Paul Barringer (D) vs Brad Knott (R),NC-13,Paul Barringer,Brad Knott,R+11.5,11.5,Safe R,5,N,95,NC-13,Safe R,-4.0
Lakesha Womack (D) vs Tim Moore (R),NC-14,Lakesha Womack,Tim Moore,R+13.0,13.0,Safe R,3,N,97,NC-14,Safe R,-4.0
Trygve Hammer (D) vs Julie Fedorchak (R),ND-AL,Trygve Hammer,Julie Fedorchak,R+34.1,34.1,Safe R,0,N,100,ND-AL,Safe R,-4.0
Chris Backemeyer (D) vs Mike Flood (R),NE-01,Chris Backemeyer,Mike Flood,R+9.6,9.6,Likely R,8,N,92,NE-01,Likely R,-3.0
Denise Powell (D) vs Brinker Harding (R),NE-02,Denise Powell,Brinker Harding,D+13.0,-13.0,Safe D,97,Y,3,NE-02,Safe D,4.0
Becky Stille (D) vs Adrian Smith (R),NE-03,Becky Stille,Adrian Smith,R+52.4,52.4,Safe R,0,N,100,NE-03,Safe R,-4.0
Eventual Nominee (D) vs Eventual Nominee (R),NH-01,Eventual Nominee,Eventual Nominee,D+11.3,-11.3,Safe D,95,N,5,NH-01,Safe D,4.0
Maggie Goodlander (D) vs Lily Tang Williams (R),NH-02,Maggie Goodlander,Lily Tang Williams,D+17.5,-17.5,Safe D,99,N,1,NH-02,Safe D,4.0
Donald Norcross (D) vs Damon Galdo (R),NJ-01,Donald Norcross,Damon Galdo,D+30.5,-30.5,Safe D,100,N,0,NJ-01,Safe D,4.0
Zack Mullock (D) vs Jeff Van Drew (R),NJ-02,Zack Mullock,Jeff Van Drew,R+12.0,12.0,Safe R,4,N,96,NJ-02,Safe R,-4.0
Herb Conaway (D) vs Michael McGuire (R),NJ-03,Herb Conaway,Michael McGuire,D+21.5,-21.5,Safe D,100,N,0,NJ-03,Safe D,4.0
Rachel Peace (D) vs Chris Smith (R),NJ-04,Rachel Peace,Chris Smith,R+31.5,31.5,Safe R,0,N,100,NJ-04,Safe R,-4.0
Josh Gottheimer (D) vs Sean Kirrane (R),NJ-05,Josh Gottheimer,Sean Kirrane,D+16.6,-16.6,Safe D,99,N,1,NJ-05,Safe D,4.0
Frank Pallone (D) vs Hillary Herzig (R),NJ-06,Frank Pallone,Hillary Herzig,D+21.2,-21.2,Safe D,100,N,0,NJ-06,Safe D,4.0
Rebecca Bennett (D) vs Tom Kean (R),NJ-07,Rebecca Bennett,Tom Kean,D+2.5,-2.5,Lean D,65,Y,35,NJ-07,Lean D,2.0
Rob Menendez (D) vs Eventual Nominee (R),NJ-08,Rob Menendez,Eventual Nominee,D+38.1,-38.1,Safe D,100,N,0,NJ-08,Safe D,4.0
Nellie Pou (D) vs Rosie Pino (R),NJ-09,Nellie Pou,Rosie Pino,D+13.2,-13.2,Safe D,97,N,3,NJ-09,Safe D,4.0
LaMonica McIver (D) vs Carmen Bucco (R),NJ-10,LaMonica McIver,Carmen Bucco,D+61.9,-61.9,Safe D,100,N,0,NJ-10,Safe D,4.0
Analilia Mejia (D) vs Joe Hathaway (R),NJ-11,Analilia Mejia,Joe Hathaway,D+18.1,-18.1,Safe D,99,N,1,NJ-11,Safe D,4.0
Adam Hamawy (D) vs Gregg Mele (R),NJ-12,Adam Hamawy,Gregg Mele,D+33.7,-33.7,Safe D,100,N,0,NJ-12,Safe D,4.0
Melanie Stansbury (D) vs Didi Okpareke (R),NM-01,Melanie Stansbury,Didi Okpareke,D+25.6,-25.6,Safe D,100,N,0,NM-01,Safe D,4.0
Gabe Vasquez (D) vs Greg Cunningham (R),NM-02,Gabe Vasquez,Greg Cunningham,D+12.1,-12.1,Safe D,96,N,4,NM-02,Safe D,4.0
Teresa Leger Fernandez (D) vs Martin Zamora (R),NM-03,Teresa Leger Fernandez,Martin Zamora,D+20.2,-20.2,Safe D,100,N,0,NM-03,Safe D,4.0
Dina Titus (D) vs Carrie Buck (R),NV-01,Dina Titus,Carrie Buck,D+12.8,-12.8,Safe D,97,N,3,NV-01,Safe D,4.0
Teresa F. Benitez-Thompson (D) vs David Flippo (R),NV-02,Teresa F. Benitez-Thompson,David Flippo,R+9.0,9.0,Likely R,9,N,91,NV-02,Likely R,-3.0
Susie Lee (D) vs Marty O'Donnell (R),NV-03,Susie Lee,Marty O'Donnell,D+9.8,-9.8,Likely D,93,N,7,NV-03,Likely D,3.0
Steven Horsford (D) vs Cody Whipple (R),NV-04,Steven Horsford,Cody Whipple,D+14.8,-14.8,Safe D,98,N,2,NV-04,Safe D,4.0
Christopher Gallant (D) vs Nick LaLota (R),NY-01,Christopher Gallant,Nick LaLota,R+6.4,6.4,Likely R,16,N,84,NY-01,Likely R,-3.0
Patrick Halpin (D) vs Andrew Garbarino (R),NY-02,Patrick Halpin,Andrew Garbarino,R+13.0,13.0,Safe R,3,N,97,NY-02,Safe R,-4.0
Tom Suozzi (D) vs Michael LiPetri (R),NY-03,Tom Suozzi,Michael LiPetri,D+9.6,-9.6,Likely D,92,N,8,NY-03,Likely D,3.0
Laura Gillen (D) vs Jeanine Driscoll (R),NY-04,Laura Gillen,Jeanine Driscoll,D+15.1,-15.1,Safe D,98,N,2,NY-04,Safe D,4.0
Greg Meeks (D) vs George Marsh (R),NY-05,Greg Meeks,George Marsh,D+53.0,-53.0,Safe D,100,N,0,NY-05,Safe D,4.0
Grace Meng (D) vs Joseph Chou (R),NY-06,Grace Meng,Joseph Chou,D+24.7,-24.7,Safe D,100,N,0,NY-06,Safe D,4.0
Claire Valdez (D) vs Melvin Rivera (R),NY-07,Claire Valdez,Melvin Rivera,D+56.9,-56.9,Safe D,100,N,0,NY-07,Safe D,4.0
Hakeem Jeffries (D) vs Lewis Mizrahi (R),NY-08,Hakeem Jeffries,Lewis Mizrahi,D+58.0,-58.0,Safe D,100,N,0,NY-08,Safe D,4.0
Yvette Clarke (D) vs Joel Anabilah-Azumah (R),NY-09,Yvette Clarke,Joel Anabilah-Azumah,D+55.7,-55.7,Safe D,100,N,0,NY-09,Safe D,4.0
Brad Lander (D) vs Jennifer Moore (R),NY-10,Brad Lander,Jennifer Moore,D+70.1,-70.1,Safe D,100,N,0,NY-10,Safe D,4.0
Michael DeCillis (D) vs Nicole Malliotakis (R),NY-11,Michael DeCillis,Nicole Malliotakis,R+22.5,22.5,Safe R,0,N,100,NY-11,Safe R,-4.0
Micah Lasher (D) vs Caroline Shinkle (R),NY-12,Micah Lasher,Caroline Shinkle,D+72.7,-72.7,Safe D,100,N,0,NY-12,Safe D,4.0
Darializa Chevalier (D) vs Jomo Williams (R),NY-13,Darializa Chevalier,Jomo Williams,D+70.8,-70.8,Safe D,100,N,0,NY-13,Safe D,4.0
Alexandria Ocasio-Cortez (D) vs Diamant Hysenaj (R),NY-14,Alexandria Ocasio-Cortez,Diamant Hysenaj,D+46.2,-46.2,Safe D,100,N,0,NY-14,Safe D,4.0
Ritchie Torres (D) vs Stylo Sapaskis (R),NY-15,Ritchie Torres,Stylo Sapaskis,D+67.5,-67.5,Safe D,100,N,0,NY-15,Safe D,4.0
George Latimer (D) vs Joseph Cinquemani (R),NY-16,George Latimer,Joseph Cinquemani,D+50.0,-50.0,Safe D,100,N,0,NY-16,Safe D,4.0
Cait Conley (D) vs Mike Lawler (R),NY-17,Cait Conley,Mike Lawler,D+1.9,-1.9,Lean D,60,Y,40,NY-17,Lean D,2.0
Pat Ryan (D) vs Jacqueline Auringer (R),NY-18,Pat Ryan,Jacqueline Auringer,D+20.5,-20.5,Safe D,100,N,0,NY-18,Safe D,4.0
Josh Riley (D) vs Pete Oberacker (R),NY-19,Josh Riley,Pete Oberacker,D+16.7,-16.7,Safe D,99,N,1,NY-19,Safe D,4.0
Paul Tonko (D) vs Ralph Ambrosio (R),NY-20,Paul Tonko,Ralph Ambrosio,D+29.8,-29.8,Safe D,100,N,0,NY-20,Safe D,4.0
Blake Gendebien (D) vs Anthony Constantino (R),NY-21,Blake Gendebien,Anthony Constantino,R+12.1,12.1,Safe R,5,N,95,NY-21,Safe R,-4.0
John Mannion (D) vs Kailee Buller (R),NY-22,John Mannion,Kailee Buller,D+23.9,-23.9,Safe D,100,N,0,NY-22,Safe D,4.0
Aaron Gies (D) vs Nick Langworthy (R),NY-23,Aaron Gies,Nick Langworthy,R+20.4,20.4,Safe R,0,N,100,NY-23,Safe R,-4.0
Alissa Ellman (D) vs Claudia Tenney (R),NY-24,Alissa Ellman,Claudia Tenney,R+20.1,20.1,Safe R,0,N,100,NY-24,Safe R,-4.0
Joseph Morelle (D) vs Virginia McIntyre (R),NY-25,Joseph Morelle,Virginia McIntyre,D+31.7,-31.7,Safe D,100,N,0,NY-25,Safe D,4.0
Tim Kennedy (D) vs Dennis Hannon (R),NY-26,Tim Kennedy,Dennis Hannon,D+36.0,-36.0,Safe D,100,N,0,NY-26,Safe D,4.0
Greg Landsman (D) vs Eric Conroy (R),OH-01,Greg Landsman,Eric Conroy,D+10.3,-10.3,Likely D,92,N,8,OH-01,Likely D,3.0
Jennifer Mazzuckelli (D) vs David Taylor (R),OH-02,Jennifer Mazzuckelli,David Taylor,R+37.7,37.7,Safe R,0,N,100,OH-02,Safe R,-4.0
Joyce Beatty (D) vs Cleophus Dulaney (R),OH-03,Joyce Beatty,Cleophus Dulaney,D+54.1,-54.1,Safe D,100,N,0,OH-03,Safe D,4.0
Joshua Kolasinski (D) vs Jim Jordan (R),OH-04,Joshua Kolasinski,Jim Jordan,R+36.9,36.9,Safe R,0,N,100,OH-04,Safe R,-4.0
Brian Shaver (D) vs Bob Latta (R),OH-05,Brian Shaver,Bob Latta,R+21.1,21.1,Safe R,0,N,100,OH-05,Safe R,-4.0
Elizabeth Kirtley (D) vs Michael Rulli (R),OH-06,Elizabeth Kirtley,Michael Rulli,R+29.3,29.3,Safe R,0,N,100,OH-06,Safe R,-4.0
Brian Poindexter (D) vs Max Miller (R),OH-07,Brian Poindexter,Max Miller,D+3.4,-3.4,Lean D,68,Y,32,OH-07,Lean D,2.0
Vanessa Enoch (D) vs Warren Davidson (R),OH-08,Vanessa Enoch,Warren Davidson,R+10.9,10.9,Likely R,6,N,94,OH-08,Likely R,-3.0
Marcy Kaptur (D) vs Derek Merrin (R),OH-09,Marcy Kaptur,Derek Merrin,D+7.8,-7.8,Likely D,88,N,12,OH-09,Likely D,3.0
Kristina Knickerbocker (D) vs Mike Turner (R),OH-10,Kristina Knickerbocker,Mike Turner,R+7.9,7.9,Likely R,13,N,87,OH-10,Likely R,-3.0
Shontel Brown (D) vs Mike Kirchner (R),OH-11,Shontel Brown,Mike Kirchner,D+71.3,-71.3,Safe D,100,N,0,OH-11,Safe D,4.0
Jerrad Christian (D) vs Troy Balderson (R),OH-12,Jerrad Christian,Troy Balderson,R+26.3,26.3,Safe R,0,N,100,OH-12,Safe R,-4.0
Emilia Sykes (D) vs Carey Coleman (R),OH-13,Emilia Sykes,Carey Coleman,D+20.0,-20.0,Safe D,100,N,0,OH-13,Safe D,4.0
Maria Jukic (D) vs David Joyce (R),OH-14,Maria Jukic,David Joyce,R+18.7,18.7,Safe R,1,N,99,OH-14,Safe R,-4.0
Don Leonard (D) vs Mike Carey (R),OH-15,Don Leonard,Mike Carey,R+5.3,5.3,Lean R,23,N,77,OH-15,Lean R,-2.0
John Croisant (D) vs Eventual Nominee (R),OK-01,John Croisant,Eventual Nominee,R+18.4,18.4,Safe R,1,N,99,OK-01,Safe R,-4.0
Brandon Wade (D) vs Josh Brecheen (R),OK-02,Brandon Wade,Josh Brecheen,R+50.6,50.6,Safe R,0,N,100,OK-02,Safe R,-4.0
Suzie Byrd (D) vs Frank Lucas (R),OK-03,Suzie Byrd,Frank Lucas,R+44.2,44.2,Safe R,0,N,100,OK-03,Safe R,-4.0
Mitchell Jacob (D) vs Tom Cole (R),OK-04,Mitchell Jacob,Tom Cole,R+32.2,32.2,Safe R,0,N,100,OK-04,Safe R,-4.0
Jena Nelson (D) vs Stephanie Bice (R),OK-05,Jena Nelson,Stephanie Bice,R+16.1,16.1,Safe R,1,N,99,OK-05,Safe R,-4.0
Suzanne Bonamici (D) vs Barbara Kahl (R),OR-01,Suzanne Bonamici,Barbara Kahl,D+52.7,-52.7,Safe D,100,N,0,OR-01,Safe D,4.0
Chris Beck (D) vs Cliff Bentz (R),OR-02,Chris Beck,Cliff Bentz,R+23.8,23.8,Safe R,0,N,100,OR-02,Safe R,-4.0
Maxine Dexter (D) vs Loran Ayles (R),OR-03,Maxine Dexter,Loran Ayles,D+60.8,-60.8,Safe D,100,N,0,OR-03,Safe D,4.0
Val Hoyle (D) vs Monique DeSpain (R),OR-04,Val Hoyle,Monique DeSpain,D+21.1,-21.1,Safe D,100,N,0,OR-04,Safe D,4.0
Janelle Bynum (D) vs Patti Adair (R),OR-05,Janelle Bynum,Patti Adair,D+23.3,-23.3,Safe D,100,N,0,OR-05,Safe D,4.0
Andrea Salinas (D) vs David Russ (R),OR-06,Andrea Salinas,David Russ,D+24.3,-24.3,Safe D,100,N,0,OR-06,Safe D,4.0
Bob Harvie (D) vs Brian Fitzpatrick (R),PA-01,Bob Harvie,Brian Fitzpatrick,R+0.7,0.7,Tossup,46,N,54,PA-01,Tossup,0.0
Brendan Boyle (D) vs Jessica Arriaga (R),PA-02,Brendan Boyle,Jessica Arriaga,D+54.7,-54.7,Safe D,100,N,0,PA-02,Safe D,4.0
Chris Rabb (D) vs Eventual Nominee (R),PA-03,Chris Rabb,Eventual Nominee,D+89.6,-89.6,Safe D,100,N,0,PA-03,Safe D,4.0
Madeleine Dean (D) vs Aurora Stuski (R),PA-04,Madeleine Dean,Aurora Stuski,D+31.9,-31.9,Safe D,100,N,0,PA-04,Safe D,4.0
Mary Gay Scanlon (D) vs Nicholas Manganaro (R),PA-05,Mary Gay Scanlon,Nicholas Manganaro,D+44.1,-44.1,Safe D,100,N,0,PA-05,Safe D,4.0
Chrissy Houlahan (D) vs Marty Young (R),PA-06,Chrissy Houlahan,Marty Young,D+27.3,-27.3,Safe D,100,N,0,PA-06,Safe D,4.0
Bob Brooks (D) vs Ryan Mackenzie (R),PA-07,Bob Brooks,Ryan Mackenzie,D+4.5,-4.5,Lean D,75,Y,25,PA-07,Lean D,2.0
Paige Cognetti (D) vs Rob Bresnahan (R),PA-08,Paige Cognetti,Rob Bresnahan,D+1.1,-1.1,Tossup,57,Y,43,PA-08,Tossup,0.0
Rachel Wallace (D) vs Dan Meuser (R),PA-09,Rachel Wallace,Dan Meuser,R+29.4,29.4,Safe R,0,N,100,PA-09,Safe R,-4.0
Janelle Stelson (D) vs Scott Perry (R),PA-10,Janelle Stelson,Scott Perry,D+9.3,-9.3,Likely D,91,Y,9,PA-10,Likely D,3.0
Nancy Mannion (D) vs Lloyd Smucker (R),PA-11,Nancy Mannion,Lloyd Smucker,R+15.2,15.2,Safe R,2,N,98,PA-11,Safe R,-4.0
Summer Lee (D) vs James Hayes (R),PA-12,Summer Lee,James Hayes,D+29.9,-29.9,Safe D,100,N,0,PA-12,Safe D,4.0
Beth Farnham (D) vs John Joyce (R),PA-13,Beth Farnham,John Joyce,R+39.8,39.8,Safe R,0,N,100,PA-13,Safe R,-4.0
Alan Bradstock (D) vs Guy Reschenthaler (R),PA-14,Alan Bradstock,Guy Reschenthaler,R+26.1,26.1,Safe R,0,N,100,PA-14,Safe R,-4.0
Ray Bilger (D) vs Glenn Thompson (R),PA-15,Ray Bilger,Glenn Thompson,R+32.5,32.5,Safe R,0,N,100,PA-15,Safe R,-4.0
Justin Wagner (D) vs Mike Kelly (R),PA-16,Justin Wagner,Mike Kelly,R+16.4,16.4,Safe R,1,N,99,PA-16,Safe R,-4.0
Chris Deluzio (D) vs Tony Guy (R),PA-17,Chris Deluzio,Tony Guy,D+22.7,-22.7,Safe D,100,N,0,PA-17,Safe D,4.0
Gabe Amo (D) vs Eventual Nominee (R),RI-01,Gabe Amo,Eventual Nominee,D+40.5,-40.5,Safe D,100,N,0,RI-01,Safe D,4.0
Seth Magaziner (D) vs Eventual Nominee (R),RI-02,Seth Magaziner,Eventual Nominee,D+20.3,-20.3,Safe D,100,N,0,RI-02,Safe D,4.0
Nancy Lacore (D) vs Jenny Costa Honeycutt (R),SC-01,Nancy Lacore,Jenny Costa Honeycutt,R+4.4,4.4,Lean R,26,N,74,SC-01,Lean R,-2.0
Zyon Khalifa (D) vs Joe Wilson (R),SC-02,Zyon Khalifa,Joe Wilson,R+13.2,13.2,Safe R,3,N,97,SC-02,Safe R,-4.0
Eunice Lehmacher (D) vs Sheri Biggs (R),SC-03,Eunice Lehmacher,Sheri Biggs,R+44.2,44.2,Safe R,0,N,100,SC-03,Safe R,-4.0
Courtney McClain (D) vs William Timmons (R),SC-04,Courtney McClain,William Timmons,R+22.0,22.0,Safe R,0,N,100,SC-04,Safe R,-4.0
Mallory Dittmer (D) vs Wes Climer (R),SC-05,Mallory Dittmer,Wes Climer,R+18.4,18.4,Safe R,1,N,99,SC-05,Safe R,-4.0
Jim Clyburn (D) vs John Peterson (R),SC-06,Jim Clyburn,John Peterson,D+33.6,-33.6,Safe D,100,N,0,SC-06,Safe D,4.0
John Vincent (D) vs Russell Fry (R),SC-07,John Vincent,Russell Fry,R+24.3,24.3,Safe R,0,N,100,SC-07,Safe R,-4.0
Nikki Gronli (D) vs Marty Jackley (R),SD-AL,Nikki Gronli,Marty Jackley,R+22.1,22.1,Safe R,0,N,100,SD-AL,Safe R,-4.0
Kristie Burke (D) vs Diana Harshbarger (R),TN-01,Kristie Burke,Diana Harshbarger,R+51.9,51.9,Safe R,0,N,100,TN-01,Safe R,-4.0
Michaela Barnett (D) vs Tim Burchett (R),TN-02,Michaela Barnett,Tim Burchett,R+29.7,29.7,Safe R,0,N,100,TN-02,Safe R,-4.0
Anna Golladay (D) vs Chuck Fleischmann (R),TN-03,Anna Golladay,Chuck Fleischmann,R+30.8,30.8,Safe R,0,N,100,TN-03,Safe R,-4.0
Victoria Broderick (D) vs Scott DesJarlais (R),TN-04,Victoria Broderick,Scott DesJarlais,R+15.6,15.6,Safe R,2,N,98,TN-04,Safe R,-4.0
Chaz Molder (D) vs Charlie Hatcher (R),TN-05,Chaz Molder,Charlie Hatcher,R+11.8,11.8,Safe R,4,N,96,TN-05,Safe R,-4.0
Mike Croley (D) vs Johnny Garrett (R),TN-06,Mike Croley,Johnny Garrett,R+19.1,19.1,Safe R,0,N,100,TN-06,Safe R,-4.0
Joshua Sales (D) vs Matt Van Epps (R),TN-07,Joshua Sales,Matt Van Epps,R+16.2,16.2,Safe R,1,N,99,TN-07,Safe R,-4.0
Heidi Kuhn (D) vs David Kustoff (R),TN-08,Heidi Kuhn,David Kustoff,R+17.5,17.5,Safe R,1,N,99,TN-08,Safe R,-4.0
Justin Pearson (D) vs Brent Taylor (R),TN-09,Justin Pearson,Brent Taylor,R+11.1,11.1,Safe R,5,Y,95,TN-09,Safe R,-4.0
Yolanda Prince (D) vs Nathaniel Moran (R),TX-01,Yolanda Prince,Nathaniel Moran,R+45.8,45.8,Safe R,0,N,100,TX-01,Safe R,-4.0
Shaun Finnie (D) vs Steve Toth (R),TX-02,Shaun Finnie,Steve Toth,R+10.8,10.8,Likely R,6,N,94,TX-02,Likely R,-3.0
Evan Hunt (D) vs Keith Self (R),TX-03,Evan Hunt,Keith Self,R+17.2,17.2,Safe R,1,N,99,TX-03,Safe R,-4.0
Jason Pearce (D) vs Pat Fallon (R),TX-04,Jason Pearce,Pat Fallon,R+20.6,20.6,Safe R,0,N,100,TX-04,Safe R,-4.0
Chelsey Hockett (D) vs Lance Gooden (R),TX-05,Chelsey Hockett,Lance Gooden,R+15.6,15.6,Safe R,1,N,99,TX-05,Safe R,-4.0
Danny Minton (D) vs Jake Ellzey (R),TX-06,Danny Minton,Jake Ellzey,R+17.3,17.3,Safe R,1,N,99,TX-06,Safe R,-4.0
Lizzie Fletcher (D) vs Alexander Hale (R),TX-07,Lizzie Fletcher,Alexander Hale,D+39.2,-39.2,Safe D,100,N,0,TX-07,Safe D,4.0
Laura Jones (D) vs Jessica Hart Steinmann (R),TX-08,Laura Jones,Jessica Hart Steinmann,R+19.6,19.6,Safe R,0,N,100,TX-08,Safe R,-4.0
Leticia Gutierrez (D) vs Alex Mealer (R),TX-09,Leticia Gutierrez,Alex Mealer,R+11.5,11.5,Safe R,5,Y,95,TX-09,Safe R,-4.0
Caitlin Rourk (D) vs Chris Gober (R),TX-10,Caitlin Rourk,Chris Gober,R+14.0,14.0,Safe R,2,N,98,TX-10,Safe R,-4.0
Claire Reynolds (D) vs August Pfluger (R),TX-11,Claire Reynolds,August Pfluger,R+29.2,29.2,Safe R,0,N,100,TX-11,Safe R,-4.0
Angela Rodriguez (D) vs Craig Goldman (R),TX-12,Angela Rodriguez,Craig Goldman,R+20.0,20.0,Safe R,0,N,100,TX-12,Safe R,-4.0
Mark Nair (D) vs Ronny Jackson (R),TX-13,Mark Nair,Ronny Jackson,R+39.4,39.4,Safe R,0,N,100,TX-13,Safe R,-4.0
Thurman Bartie (D) vs Randy Weber (R),TX-14,Thurman Bartie,Randy Weber,R+19.5,19.5,Safe R,0,N,100,TX-14,Safe R,-4.0
Bobby Pulido (D) vs Monica De La Cruz (R),TX-15,Bobby Pulido,Monica De La Cruz,R+1.1,1.1,Tossup,43,N,57,TX-15,Tossup,0.0
Veronica Escobar (D) vs Adam Bauman (R),TX-16,Veronica Escobar,Adam Bauman,D+32.9,-32.9,Safe D,100,N,0,TX-16,Safe D,4.0
Casey Shepard (D) vs Pete Sessions (R),TX-17,Casey Shepard,Pete Sessions,R+16.9,16.9,Safe R,1,N,99,TX-17,Safe R,-4.0
Christian Menefee (D) vs Ronald Whitfield (R),TX-18,Christian Menefee,Ronald Whitfield,D+70.9,-70.9,Safe D,100,N,0,TX-18,Safe D,4.0
Kyle Rable (D) vs Tom Sell (R),TX-19,Kyle Rable,Tom Sell,R+43.5,43.5,Safe R,0,N,100,TX-19,Safe R,-4.0
Joaquin Castro (D) vs Edgardo Rafael Baez (R),TX-20,Joaquin Castro,Edgardo Rafael Baez,D+49.1,-49.1,Safe D,100,N,0,TX-20,Safe D,4.0
Kristin Hook (D) vs Mark Teixeira (R),TX-21,Kristin Hook,Mark Teixeira,R+13.3,13.3,Safe R,3,N,97,TX-21,Safe R,-4.0
Marquette Greene-Scott (D) vs Trever Nehls (R),TX-22,Marquette Greene-Scott,Trever Nehls,R+13.6,13.6,Safe R,2,N,98,TX-22,Safe R,-4.0
Katy Padilla Stout (D) vs Brandon Herrera (R),TX-23,Katy Padilla Stout,Brandon Herrera,R+4.9,4.9,Lean R,23,N,77,TX-23,Lean R,-2.0
Kevin Burge (D) vs Beth Van Duyne (R),TX-24,Kevin Burge,Beth Van Duyne,R+12.0,12.0,Safe R,4,N,96,TX-24,Safe R,-4.0
Dione Sims (D) vs Roger Williams (R),TX-25,Dione Sims,Roger Williams,R+17.7,17.7,Safe R,1,N,99,TX-25,Safe R,-4.0
Steven Shook (D) vs Brandon Gill (R),TX-26,Steven Shook,Brandon Gill,R+20.3,20.3,Safe R,0,N,100,TX-26,Safe R,-4.0
Tanya Lloyd (D) vs Michael Cloud (R),TX-27,Tanya Lloyd,Michael Cloud,R+15.3,15.3,Safe R,1,N,99,TX-27,Safe R,-4.0
Henry Cuellar (D) vs Tano Tijerina (R),TX-28,Henry Cuellar,Tano Tijerina,D+10.8,-10.8,Likely D,94,N,6,TX-28,Likely D,3.0
Sylvia Garcia (D) vs Martha Fierro (R),TX-29,Sylvia Garcia,Martha Fierro,D+51.2,-51.2,Safe D,100,N,0,TX-29,Safe D,4.0
Frederick Haynes III (D) vs Everett Jackson (R),TX-30,Frederick Haynes III,Everett Jackson,D+60.2,-60.2,Safe D,100,N,0,TX-30,Safe D,4.0
Justin Early (D) vs John Carter (R),TX-31,Justin Early,John Carter,R+16.8,16.8,Safe R,1,N,99,TX-31,Safe R,-4.0
Dan Barros (D) vs Jace Yarbrough (R),TX-32,Dan Barros,Jace Yarbrough,R+10.6,10.6,Likely R,6,Y,94,TX-32,Likely R,-3.0
Colin Allred (D) vs Patrick Gillespie (R),TX-33,Colin Allred,Patrick Gillespie,D+47.7,-47.7,Safe D,100,N,0,TX-33,Safe D,4.0
Vicente Gonzalez (D) vs Eric Flores (R),TX-34,Vicente Gonzalez,Eric Flores,D+5.1,-5.1,Lean D,78,N,22,TX-34,Lean D,2.0
Johnny Garcia (D) vs Carlos De La Cruz (R),TX-35,Johnny Garcia,Carlos De La Cruz,D+0.8,-0.8,Tossup,54,N,46,TX-35,Tossup,0.0
Rhonda Hart (D) vs Brian Babin (R),TX-36,Rhonda Hart,Brian Babin,R+19.3,19.3,Safe R,0,N,100,TX-36,Safe R,-4.0
Greg Casar (D) vs Lauren Peña (R),TX-37,Greg Casar,Lauren Peña,D+71.7,-71.7,Safe D,100,N,0,TX-37,Safe D,4.0
Melissa McDonough (D) vs Jon Bonck (R),TX-38,Melissa McDonough,Jon Bonck,R+13.2,13.2,Safe R,3,N,97,TX-38,Safe R,-4.0
Ben McAdams (D) vs Riley Owen (R),UT-01,Ben McAdams,Riley Owen,D+37.9,-37.9,Safe D,100,Y,0,UT-01,Safe D,4.0
Peter Crosby (D) vs Blake Moore (R),UT-02,Peter Crosby,Blake Moore,R+30.0,30.0,Safe R,0,N,100,UT-02,Safe R,-4.0
Kent Udell (D) vs Celeste Maloy (R),UT-03,Kent Udell,Celeste Maloy,R+40.5,40.5,Safe R,0,N,100,UT-03,Safe R,-4.0
Jonny Larsen (D) vs Mike Kennedy (R),UT-04,Jonny Larsen,Mike Kennedy,R+35.7,35.7,Safe R,0,N,100,UT-04,Safe R,-4.0
Shannon Taylor (D) vs Rob Wittman (R),VA-01,Shannon Taylor,Rob Wittman,D+0.6,-0.6,Tossup,53,Y,47,VA-01,Tossup,0.0
Elaine Luria (D) vs Jen Kiggans (R),VA-02,Elaine Luria,Jen Kiggans,D+5.5,-5.5,Lean D,79,Y,21,VA-02,Lean D,2.0
Bobby Scott (D) vs Edwin Rivera (R),VA-03,Bobby Scott,Edwin Rivera,D+51.3,-51.3,Safe D,100,N,0,VA-03,Safe D,4.0
Jennifer McClellan (D) vs Robert Murray (R),VA-04,Jennifer McClellan,Robert Murray,D+48.1,-48.1,Safe D,100,N,0,VA-04,Safe D,4.0
Tom Perriello (D) vs John McGuire (R),VA-05,Tom Perriello,John McGuire,R+5.4,5.4,Likely R,20,N,80,VA-05,Likely R,-3.0
Beth Macy (D) vs Ben Cline (R),VA-06,Beth Macy,Ben Cline,R+16.6,16.6,Safe R,1,N,99,VA-06,Safe R,-4.0
Eugene Vindman (D) vs Doug Ollivant (R),VA-07,Eugene Vindman,Doug Ollivant,D+19.5,-19.5,Safe D,100,N,0,VA-07,Safe D,4.0
Don Beyer (D) vs Tony Sabio (R),VA-08,Don Beyer,Tony Sabio,D+61.9,-61.9,Safe D,100,N,0,VA-08,Safe D,4.0
Joy Powers (D) vs Morgan Griffith (R),VA-09,Joy Powers,Morgan Griffith,R+38.4,38.4,Safe R,0,N,100,VA-09,Safe R,-4.0
Suhas Subramanyam (D) vs Dave Beckwith (R),VA-10,Suhas Subramanyam,Dave Beckwith,D+20.5,-20.5,Safe D,100,N,0,VA-10,Safe D,4.0
James Walkinshaw (D) vs Arthur Purves (R),VA-11,James Walkinshaw,Arthur Purves,D+48.9,-48.9,Safe D,100,N,0,VA-11,Safe D,4.0
Becca Balint (D) vs Gerald Malloy (R),VT-AL,Becca Balint,Gerald Malloy,D+44.3,-44.3,Safe D,100,N,0,VT-AL,Safe D,4.0
Suzan DelBene (D) vs Eventual Nominee (R),WA-01,Suzan DelBene,Eventual Nominee,D+37.4,-37.4,Safe D,100,N,0,WA-01,Safe D,4.0
Rick Larsen (D) vs Edwin Feller (R),WA-02,Rick Larsen,Edwin Feller,D+35.3,-35.3,Safe D,100,N,0,WA-02,Safe D,4.0
Marie Gluesenkamp Perez (D) vs John Braun (R),WA-03,Marie Gluesenkamp Perez,John Braun,D+8.9,-8.9,Likely D,90,N,10,WA-03,Likely D,3.0
John Duresky (D) vs Amanda McKinney (R),WA-04,John Duresky,Amanda McKinney,R+16.2,16.2,Safe R,1,N,99,WA-04,Safe R,-4.0
Carmela Conroy (D) vs Michael Baumgartner (R),WA-05,Carmela Conroy,Michael Baumgartner,R+15.1,15.1,Safe R,2,N,98,WA-05,Safe R,-4.0
Emily Randall (D) vs Teresa Fox (R),WA-06,Emily Randall,Teresa Fox,D+29.6,-29.6,Safe D,100,N,0,WA-06,Safe D,4.0
Pramila Jayapal (D) vs Nirav Sheth (R),WA-07,Pramila Jayapal,Nirav Sheth,D+80.8,-80.8,Safe D,100,N,0,WA-07,Safe D,4.0
Kim Schrier (D) vs Eventual Nominee (R),WA-08,Kim Schrier,Eventual Nominee,D+17.3,-17.3,Safe D,99,N,1,WA-08,Safe D,4.0
Adam Smith (D) vs Doug Basler (R),WA-09,Adam Smith,Doug Basler,D+51.3,-51.3,Safe D,100,N,0,WA-09,Safe D,4.0
Marilyn Strickland (D) vs Eventual Nominee (R),WA-10,Marilyn Strickland,Eventual Nominee,D+28.2,-28.2,Safe D,100,N,0,WA-10,Safe D,4.0
Mitchell Berman (D) vs Bryan Steil (R),WI-01,Mitchell Berman,Bryan Steil,R+6.5,6.5,Likely R,16,N,84,WI-01,Likely R,-3.0
Mark Pocan (D),WI-02,Mark Pocan,Not Contested,D+100.0,-100.0,Safe D,100,N,0,WI-02,Safe D,4.0
Rebecca Cooke (D) vs Derrick Van Orden (R),WI-03,Rebecca Cooke,Derrick Van Orden,D+1.1,-1.1,Tossup,57,Y,43,WI-03,Tossup,0.0
Gwen Moore (D) vs Tim Rogers (R),WI-04,Gwen Moore,Tim Rogers,D+62.5,-62.5,Safe D,100,N,0,WI-04,Safe D,4.0
Andrew Beck (D) vs Scott Fitzgerald (R),WI-05,Andrew Beck,Scott Fitzgerald,R+23.4,23.4,Safe R,0,N,100,WI-05,Safe R,-4.0
Brad Smith (D) vs Glenn Grothman (R),WI-06,Brad Smith,Glenn Grothman,R+15.9,15.9,Safe R,1,N,99,WI-06,Safe R,-4.0
Fred Clark (D) vs Michael Alfonso (R),WI-07,Fred Clark,Michael Alfonso,R+18.5,18.5,Safe R,1,N,99,WI-07,Safe R,-4.0
Rick Crosson (D) vs Tony Wied (R),WI-08,Rick Crosson,Tony Wied,R+14.6,14.6,Safe R,2,N,98,WI-08,Safe R,-4.0
Vince George (D) vs Carol Miller (R),WV-01,Vince George,Carol Miller,R+36.1,36.1,Safe R,0,N,100,WV-01,Safe R,-4.0
Ace Parsi (D) vs Riley Moore (R),WV-02,Ace Parsi,Riley Moore,R+35.5,35.5,Safe R,0,N,100,WV-02,Safe R,-4.0
Lisa Kinney (D) vs Chuck Gray (R),WY-AL,Lisa Kinney,Chuck Gray,R+39.7,39.7,Safe R,0,N,100,WY-AL,Safe R,-4.0
