Matchup,cd,dem_name,rep_name,prediction,raw_prediction,bucket,win_prob_d,flip,win_prob_r
Bill Hill (Ind) vs Nick Begich (R),AK-AL,Bill Hill (Ind),Nick Begich,R+10.4,10.4,Likely R,9,N,91
Clyde Jones Jr. (D) vs Jerry Carl (R),AL-01,Clyde Jones Jr.,Jerry Carl,R+28.3,28.3,Safe R,0,N,100
Shomari Figures (D) vs Rhett Marques (R),AL-02,Shomari Figures,Rhett Marques,R+0.4,0.4,Tossup,48,Y,52
Lee McInnis (D) vs Mike Rogers (R),AL-03,Lee McInnis,Mike Rogers,R+41.6,41.6,Safe R,0,N,100
Amanda Pusczek (D) vs Robert Aderholt (R),AL-04,Amanda Pusczek,Robert Aderholt,R+60.7,60.7,Safe R,0,N,100
Andrew Sneed (D) vs Dale Strong (R),AL-05,Andrew Sneed,Dale Strong,R+24.6,24.6,Safe R,0,N,100
Maurice Mercer (D) vs Gary Palmer (R),AL-06,Maurice Mercer,Gary Palmer,R+27.2,27.2,Safe R,0,N,100
Terri Sewell (D) vs Ammie Akin (R),AL-07,Terri Sewell,Ammie Akin,D+33.9,-33.9,Safe D,100,N,0
Terri Green (D) vs Rick Crawford (R),AR-01,Terri Green,Rick Crawford,R+41.9,41.9,Safe R,0,N,100
Chris Jones (D) vs French Hill (R),AR-02,Chris Jones,French Hill,R+5.9,5.9,Likely R,20,N,80
Robb Ryerse (D) vs Steve Womack (R),AR-03,Robb Ryerse,Steve Womack,R+21.4,21.4,Safe R,0,N,100
James Russell (D) vs Bruce Westerman (R),AR-04,James Russell,Bruce Westerman,R+36.0,36,Safe R,0,N,100
Amish Shah (D) vs Jay Feely (R),AZ-01,Amish Shah,Jay Feely,D+7.1,-7.1,Likely D,85,Y,15
Jonathan Nez (D) vs Eli Crane (R),AZ-02,Jonathan Nez,Eli Crane,R+2.8,2.8,Lean R,33,N,67
Yassamin Ansari (D) vs Nicholas Glenn (R),AZ-03,Yassamin Ansari,Nicholas Glenn,D+57.9,-57.9,Safe D,100,N,0
Greg Stanton (D) vs Zuhdi Jasser (R),AZ-04,Greg Stanton,Zuhdi Jasser,D+21.9,-21.9,Safe D,100,N,0
Elizabeth Lee (D) vs Mark Lamb (R),AZ-05,Elizabeth Lee,Mark Lamb,R+12.7,12.7,Safe R,3,N,97
JoAnna Mendoza (D) vs Juan Ciscomani (R),AZ-06,JoAnna Mendoza,Juan Ciscomani,D+7.5,-7.5,Likely D,87,Y,13
Adelita Grijalva (D) vs Daniel Butierez (R),AZ-07,Adelita Grijalva,Daniel Butierez,D+39.3,-39.3,Safe D,100,N,0
Bernadette Greene-Placentia (D) vs Abraham Hamadeh (R),AZ-08,Bernadette Greene-Placentia,Abraham Hamadeh,R+9.6,9.6,Likely R,8,N,92
Dani Sterbinsky (D) vs Paul Gosar (R),AZ-09,Dani Sterbinsky,Paul Gosar,R+22.5,22.5,Safe R,0,N,100
Mike McGuire (D) vs James Gallagher (R),CA-01,Mike McGuire,James Gallagher,D+17.3,-17.3,Safe D,99,Y,1
Jared Huffman (D) vs Robin Littau (R),CA-02,Jared Huffman,Robin Littau,D+34.8,-34.8,Safe D,100,N,0
Ami Bera (D) vs Robb Tucker (R),CA-03,Ami Bera,Robb Tucker,D+21.2,-21.2,Safe D,100,N,0
Mike Thompson (D) vs Eric Jones (D),CA-04,Mike Thompson/Eric Jones,Not Contested,D+100.0,-100,Safe D,100,N,0
Michael Masuda (D) vs Tom McClintock (R),CA-05,Michael Masuda,Tom McClintock,R+18.5,18.5,Safe R,1,N,99
Richard Pan (D) vs Kevin Kiley (Ind),CA-06,Richard Pan,Kevin Kiley (Ind),D+10.1,-10.1,Likely D,93,Y,7
Doris Matsui (D) vs Mai Vang (D),CA-07,Doris Matsui/Mai Vang,Not Contested,D+100.0,-100,Safe D,100,N,0
John Garamendi (D) vs Rudy Recile (R),CA-08,John Garamendi,Rudy Recile,D+46.2,-46.2,Safe D,100,N,0
Josh Harder (D) vs John McBride (R),CA-09,Josh Harder,John McBride,D+25.8,-25.8,Safe D,100,N,0
Mark DeSaulnier (D) vs Jeff Frese (R),CA-10,Mark DeSaulnier,Jeff Frese,D+43.0,-43,Safe D,100,N,0
Scott Weiner (D) vs Connie Chan (D),CA-11,Scott Weiner/Connie Chan,Not Contested,D+100.0,-100,Safe D,100,N,0
Lateefah Simon (D),CA-12,Lateefah Simon,Not Contested,D+100.0,-100,Safe D,100,N,0
Adam Gray (D) vs Kevin Lincoln (R),CA-13,Adam Gray,Kevin Lincoln,D+13.4,-13.4,Safe D,97,N,3
Aisha Wahab (D) vs Melissa Hernandez (D),CA-14,Aisha Wahab/Melissa Hernandez,Not Contested,D+100.0,-100,Safe D,100,N,0
Kevin Mullin (D) vs Charles Hoelter (R),CA-15,Kevin Mullin,Charles Hoelter,D+58.1,-58.1,Safe D,100,N,0
Sam Liccardo (D) vs Peter Soule (R),CA-16,Sam Liccardo,Peter Soule,D+60.2,-60.2,Safe D,100,N,0
Ro Khanna (D) vs Ritesh Tandon (R),CA-17,Ro Khanna,Ritesh Tandon,D+49.7,-49.7,Safe D,100,N,0
Zoe Lofgren (D) vs Shane Lewis (R),CA-18,Zoe Lofgren,Shane Lewis,D+38.9,-38.9,Safe D,100,N,0
Jimmy Panetta (D) vs Peter Coe Verbica (R),CA-19,Jimmy Panetta,Peter Coe Verbica,D+46.6,-46.6,Safe D,100,N,0
Sandra Van Scotter (D) vs Vince Fong (R),CA-20,Sandra Van Scotter,Vince Fong,R+30.9,30.9,Safe R,0,N,100
Jim Costa (D) vs Kyle Kirkland (R),CA-21,Jim Costa,Kyle Kirkland,D+16.8,-16.8,Safe D,99,N,1
Randy Villegas (D) vs David Valadao (R),CA-22,Randy Villegas,David Valadao,D+1.7,-1.7,Lean D,60,Y,40
Tessa Lynn Hodge (D) vs Jay Obernolte (R),CA-23,Tessa Lynn Hodge,Jay Obernolte,R+19.4,19.4,Safe R,0,N,100
Salud Carbajal (D) vs Bob Smith (R),CA-24,Salud Carbajal,Bob Smith,D+34.2,-34.2,Safe D,100,N,0
Raul Ruiz (D) vs Joe Males (R),CA-25,Raul Ruiz,Joe Males,D+21.8,-21.8,Safe D,100,N,0
Jacqui Irwin (D) vs Sam Gallucci (R),CA-26,Jacqui Irwin,Sam Gallucci,D+23.1,-23.1,Safe D,100,N,0
George Whitesides (D) vs Jason Gibbs (R),CA-27,George Whitesides,Jason Gibbs,D+23.1,-23.1,Safe D,100,N,0
Judy Chu (D) vs April A. Verlato (R),CA-28,Judy Chu,April A. Verlato,D+36.9,-36.9,Safe D,100,N,0
Luz Rivas (D) vs Angélica María Dueñas (D),CA-29,Luz Rivas/Angélica María Dueñas,Not Contested,D+100.0,-100,Safe D,100,N,0
Laura Friedman (D) vs Scott Alan Meyers (R),CA-30,Laura Friedman,Scott Alan Meyers,D+51.1,-51.1,Safe D,100,N,0
Gil Cisneros (D) vs Eric Ching (R),CA-31,Gil Cisneros,Eric Ching,D+22.8,-22.8,Safe D,100,N,0
Brad Sherman (D) vs Larry Thompson (R),CA-32,Brad Sherman,Larry Thompson,D+34.8,-34.8,Safe D,100,N,0
Pete Aguilar (D) vs Stephanie M. Vargas (R),CA-33,Pete Aguilar,Stephanie M. Vargas,D+23.4,-23.4,Safe D,100,N,0
Jimmy Gomez (D) vs Angela Gonzales-Torres (D),CA-34,Jimmy Gomez/Angela Gonzales-Torres,Not Contested,D+100.0,-100,Safe D,100,N,0
Norma Torres (D) vs Mike Cargile (R),CA-35,Norma Torres,Mike Cargile,D+20.4,-20.4,Safe D,100,N,0
Ted Lieu (D) vs Houston Brignano (R),CA-36,Ted Lieu,Houston Brignano,D+48.4,-48.4,Safe D,100,N,0
Sydney Kamlager-Dove (D) vs Samantha Mota (D),CA-37,Sydney Kamlager-Dove/Samantha Mota,Not Contested,D+100.0,-100,Safe D,100,N,0
Hilda Solis (D) vs Pedro Antonio Casas (R),CA-38,Hilda Solis,Pedro Antonio Casas,D+23.6,-23.6,Safe D,100,Y,0
Mark Takano (D) vs Steve Manos (R),CA-39,Mark Takano,Steve Manos,D+22.5,-22.5,Safe D,100,N,0
Young Kim (R) vs Ken Calvert (R),CA-40,Not Contested,Young Kim/Ken Calvert,R+100.0,100,Safe R,0,N,100
Linda Sanchez (D) vs Mitch Clemmons (R),CA-41,Linda Sanchez,Mitch Clemmons,D+26.6,-26.6,Safe D,100,N,0
Robert Garcia (D) vs Brian Burley (R),CA-42,Robert Garcia,Brian Burley,D+24.7,-24.7,Safe D,100,N,0
Maxine Waters (D) vs Cristian Morales (R),CA-43,Maxine Waters,Cristian Morales,D+61.3,-61.3,Safe D,100,N,0
Nanette Barragan (D) vs Genevieve Angel (R),CA-44,Nanette Barragan,Genevieve Angel,D+51.5,-51.5,Safe D,100,N,0
Derek Tran (D) vs Chuong V. Vo (R),CA-45,Derek Tran,Chuong V. Vo,D+18.0,-18,Safe D,99,N,1
Lou Correa (D) vs David Pan (R),CA-46,Lou Correa,David Pan,D+33.7,-33.7,Safe D,100,N,0
Dave Min (D) vs Jenny Rae Le Roux (R),CA-47,Dave Min,Jenny Rae Le Roux,D+21.0,-21,Safe D,100,N,0
Marni von Wilpert (D) vs Jim Desmond (R),CA-48,Marni von Wilpert,Jim Desmond,D+9.0,-9,Likely D,90,Y,10
Mike Levin (D) vs Armen Kurdian (R),CA-49,Mike Levin,Armen Kurdian,D+21.9,-21.9,Safe D,100,N,0
Scott Peters (D) vs Steve Cohen (R),CA-50,Scott Peters,Steve Cohen,D+27.3,-27.3,Safe D,100,N,0
Sara Jacobs (D) vs Ricardo Cabrera (R),CA-51,Sara Jacobs,Ricardo Cabrera,D+29.1,-29.1,Safe D,100,N,0
Juan Vargas (D) vs Jeff Belle (R),CA-52,Juan Vargas,Jeff Belle,D+32.8,-32.8,Safe D,100,N,0
Melat Kiros (D) vs Christy Peterson (R),CO-01,Melat Kiros,Christy Peterson,D+66.3,-66.3,Safe D,100,N,0
Joe Neguse (D) vs Kelley Anne Dennison (R),CO-02,Joe Neguse,Kelley Anne Dennison,D+51.8,-51.8,Safe D,100,N,0
Dwayne Romero (D) vs Jeff Hurd (R),CO-03,Dwayne Romero,Jeff Hurd,R+3.7,3.7,Lean R,29,N,71
Eileen Laubacher (D) vs Lauren Boebert (R),CO-04,Eileen Laubacher,Lauren Boebert,R+1.7,1.7,Lean R,40,N,60
Jessica Killin (D) vs Jeff Crank (R),CO-05,Jessica Killin,Jeff Crank,R+4.5,4.5,Lean R,25,N,75
Jason Crow (D) vs Mel Tewahade (R),CO-06,Jason Crow,Mel Tewahade,D+32.8,-32.8,Safe D,100,N,0
Brittany Pettersen (D) vs Tim Bennett (R),CO-07,Brittany Pettersen,Tim Bennett,D+28.2,-28.2,Safe D,100,N,0
Manny Rutinel (D) vs Gabe Evans (R),CO-08,Manny Rutinel,Gabe Evans,D+3.2,-3.2,Lean D,69,Y,31
Luke Bronin (D) vs Amy Chai (R),CT-01,Luke Bronin,Amy Chai,D+34.3,-34.3,Safe D,100,N,0
Joe Courtney (D) vs George Austin (R),CT-02,Joe Courtney,George Austin,D+25.4,-25.4,Safe D,100,N,0
Rosa DeLauro (D) vs Christopher Lancia (R),CT-03,Rosa DeLauro,Christopher Lancia,D+28.6,-28.6,Safe D,100,N,0
Jim Himes (D) vs Michael Goldstein (R),CT-04,Jim Himes,Michael Goldstein,D+34.6,-34.6,Safe D,100,N,0
Jahana Hayes (D) vs Chris Shea (R),CT-05,Jahana Hayes,Chris Shea,D+18.3,-18.3,Safe D,99,N,1
Sarah McBride (D) vs Eventual Nominee (R),DE-AL,Sarah McBride,Eventual Nominee,D+28.3,-28.3,Safe D,100,N,0
Gay Valimont (D) vs Jimmy Patronis (R),FL-01,Gay Valimont,Jimmy Patronis,R+31.4,31.4,Safe R,0,N,100
Amanda Green (D) vs Austin Rogers (R),FL-02,Amanda Green,Austin Rogers,R+12.8,12.8,Safe R,3,N,97
Seth Harp (D) vs Kat Cammack (R),FL-03,Seth Harp,Kat Cammack,R+18.2,18.2,Safe R,1,N,99
LaShonda Holloway (D) vs Aaron Bean (R),FL-04,LaShonda Holloway,Aaron Bean,R+9.5,9.5,Likely R,8,N,92
Rachel Grage (D) vs John Rutherford (R),FL-05,Rachel Grage,John Rutherford,R+19.6,19.6,Safe R,0,N,100
Eric Yonce (D) vs Randy Fine (R),FL-06,Eric Yonce,Randy Fine,R+26.9,26.9,Safe R,0,N,100
Bale Dalton (D) vs Ryan Elijah (R),FL-07,Bale Dalton,Ryan Elijah,R+3.6,3.6,Lean R,30,N,70
Jennifer Jenkins (D) vs Mike Haridopolos (R),FL-08,Jennifer Jenkins,Mike Haridopolos,R+12.5,12.5,Safe R,4,N,96
Darren Soto (D) vs Dan Green (R),FL-09,Darren Soto,Dan Green,R+6.4,6.4,Likely R,17,Y,83
Maxwell Frost (D) vs Eventual Nominee (R),FL-10,Maxwell Frost,Eventual Nominee,D+36.2,-36.2,Safe D,100,N,0
James Pericola (D) vs Joe Strada (R),FL-11,James Pericola,Joe Strada,R+10.2,10.2,Likely R,7,N,93
Kimberly Overman (D) vs Gus Bilirakis (R),FL-12,Kimberly Overman,Gus Bilirakis,R+12.0,12,Safe R,4,N,96
Leela Gray (D) vs Anna Paulina Luna (R),FL-13,Leela Gray,Anna Paulina Luna,R+6.9,6.9,Likely R,16,N,84
Kathy Castor (D) vs Mike Beltran (R),FL-14,Kathy Castor,Mike Beltran,D+1.2,-1.2,Tossup,57,N,43
Robert People (D) vs Laurel Lee (R),FL-15,Robert People,Laurel Lee,R+17.6,17.6,Safe R,1,N,99
Kelly Kirschner (D) vs Sydney Gruters (R),FL-16,Kelly Kirschner,Sydney Gruters,R+7.2,7.2,Likely R,14,N,86
Matthew Montavon (D) vs Greg Steube (R),FL-17,Matthew Montavon,Greg Steube,R+20.3,20.3,Safe R,0,N,100
Curtis Gibson (D) vs Scott Franklin (R),FL-18,Curtis Gibson,Scott Franklin,R+14.2,14.2,Safe R,2,N,98
Victor Arias (D) vs Jim Schwartzel (R),FL-19,Victor Arias,Jim Schwartzel,R+25.4,25.4,Safe R,0,N,100
Debbie Wasserman Schultz (D) vs Brent Andersen (R),FL-20,Debbie Wasserman Schultz,Brent Andersen,D+48.1,-48.1,Safe D,100,N,0
James Martin (D) vs Brian Mast (R),FL-21,James Martin,Brian Mast,R+14.7,14.7,Safe R,2,N,98
Pia Dandiya (D) vs Casey Askar (R),FL-22,Pia Dandiya,Casey Askar,R+5.0,5,Lean R,23,Y,77
Lois Frankel (D) vs Deborah Adeimy (R),FL-23,Lois Frankel,Deborah Adeimy,D+27.3,-27.3,Safe D,100,N,0
Oliver Gilbert (D) vs Te Mayonna Brown (R),FL-24,Oliver Gilbert,Te Mayonna Brown,D+48.8,-48.8,Safe D,100,N,0
Jared Moskowitz (D) vs Scott Singer (R),FL-25,Jared Moskowitz,Scott Singer,D+0.9,-0.9,Tossup,56,N,44
Nicole Locklin (D) vs Mario Diaz-Balart (R),FL-26,Nicole Locklin,Mario Diaz-Balart,R+18.3,18.3,Safe R,1,N,99
Eliott Rodriguez (D) vs Maria Elvira Salazar (R),FL-27,Eliott Rodriguez,Maria Elvira Salazar,R+11.3,11.3,Safe R,5,N,95
Phil Ehr (D) vs Carlos Gimenez (R),FL-28,Phil Ehr,Carlos Gimenez,R+21.7,21.7,Safe R,0,N,100
Amanda Hollowell (D) vs Jim Kingston (R),GA-01,Amanda Hollowell,Jim Kingston,R+15.1,15.1,Safe R,2,N,98
Sanford Bishop (D) vs Matt Day (R),GA-02,Sanford Bishop,Matt Day,D+17.8,-17.8,Safe D,99,N,1
Maura Keller (D) vs Brian Jack (R),GA-03,Maura Keller,Brian Jack,R+32.2,32.2,Safe R,0,N,100
Hank Johnson (D) vs James Duffie (R),GA-04,Hank Johnson,James Duffie,D+60.4,-60.4,Safe D,100,N,0
Nikema Williams (D) vs John Oscar Salvesen (R),GA-05,Nikema Williams,John Oscar Salvesen,D+78.2,-78.2,Safe D,100,N,0
Lucy McBath (D) vs Kevin Martin (R),GA-06,Lucy McBath,Kevin Martin,D+57.5,-57.5,Safe D,100,N,0
Tony Kozycki (D) vs Rich McCormick (R),GA-07,Tony Kozycki,Rich McCormick,R+25.8,25.8,Safe R,0,N,100
Kelly Esti (D) vs Austin Scott (R),GA-08,Kelly Esti,Austin Scott,R+33.4,33.4,Safe R,0,N,100
Caitlyn Gegen (D) vs Andrew Clyde (R),GA-09,Caitlyn Gegen,Andrew Clyde,R+36.1,36.1,Safe R,0,N,100
Pamela Delancy (D) vs Houston Gaines (R),GA-10,Pamela Delancy,Houston Gaines,R+20.5,20.5,Safe R,0,N,100
Chris Harden (D) vs John Cowan (R),GA-11,Chris Harden,John Cowan,R+19.4,19.4,Safe R,0,N,100
Ceretta Smith (D) vs Rick Allen (R),GA-12,Ceretta Smith,Rick Allen,R+17.7,17.7,Safe R,1,N,99
Jasmine Clark (D) vs Jonathan Chavez (R),GA-13,Jasmine Clark,Jonathan Chavez,D+48.5,-48.5,Safe D,100,N,0
Shawn Harris (D) vs Clay Fuller (R),GA-14,Shawn Harris,Clay Fuller,R+29.2,29.2,Safe R,0,N,100
Ed Case (D) vs Adriel Lam (R),HI-01,Ed Case,Adriel Lam,D+46.9,-46.9,Safe D,100,N,0
Jill Tokuda (D) vs Brenton Awa (R),HI-02,Jill Tokuda,Brenton Awa,D+39.3,-39.3,Safe D,100,N,0
Christina Bohannan (D) vs Mariannette Miller-Meeks (R),IA-01,Christina Bohannan,Mariannette Miller-Meeks,D+4.3,-4.3,Lean D,74,Y,26
Lindsay James (D) vs Joe Mitchell (R),IA-02,Lindsay James,Joe Mitchell,D+0.2,-0.2,Tossup,51,Y,49
Sarah Trone Garriott (D) vs Zach Nunn (R),IA-03,Sarah Trone Garriott,Zach Nunn,D+4.1,-4.1,Lean D,73,Y,27
Dave Dawson (D) vs Chris McGowan (R),IA-04,Dave Dawson,Chris McGowan,R+22.9,22.9,Safe R,0,N,100
Kaylee Peterson (D) vs Russ Fulcher (R),ID-01,Kaylee Peterson,Russ Fulcher,R+40.5,40.5,Safe R,0,N,100
Ellie Gilbreath (D) vs Mike Simpson (R),ID-02,Ellie Gilbreath,Mike Simpson,R+24.1,24.1,Safe R,0,N,100
Jonathan Jackson (D) vs Christian Maxwell (R),IL-01,Jonathan Jackson,Christian Maxwell,D+44.9,-44.9,Safe D,100,N,0
Donna Miller (D) vs Michael Noack (R),IL-02,Donna Miller,Michael Noack,D+46.1,-46.1,Safe D,100,N,0
Delia Ramirez (D) vs Angel Oakley (R),IL-03,Delia Ramirez,Angel Oakley,D+47.9,-47.9,Safe D,100,N,0
Patty Garcia (D) vs Lupe Castillo (R),IL-04,Patty Garcia,Lupe Castillo,D+42.3,-42.3,Safe D,100,N,0
Mike Quigley (D) vs Tommy Hanson (R),IL-05,Mike Quigley,Tommy Hanson,D+52.0,-52,Safe D,100,N,0
Sean Casten (D) vs Niki Conforti (R),IL-06,Sean Casten,Niki Conforti,D+21.2,-21.2,Safe D,100,N,0
La Shawn Ford (D) vs Chad Koppie (R),IL-07,La Shawn Ford,Chad Koppie,D+76.6,-76.6,Safe D,100,N,0
Melissa Bean (D) vs Jennifer Davis (R),IL-08,Melissa Bean,Jennifer Davis,D+17.8,-17.8,Safe D,99,N,1
Daniel Biss (D) vs John Elleson (R),IL-09,Daniel Biss,John Elleson,D+45.8,-45.8,Safe D,100,N,0
Brad Schneider (D) vs Carl Lambrecht (R),IL-10,Brad Schneider,Carl Lambrecht,D+36.1,-36.1,Safe D,100,N,0
Bill Foster (D) vs Jeff Walter (R),IL-11,Bill Foster,Jeff Walter,D+26.4,-26.4,Safe D,100,N,0
Julie Fortier (D) vs Mike Bost (R),IL-12,Julie Fortier,Mike Bost,R+38.6,38.6,Safe R,0,N,100
Nikki Budzinski (D) vs Jeff Wilson (R),IL-13,Nikki Budzinski,Jeff Wilson,D+28.5,-28.5,Safe D,100,N,0
Lauren Underwood (D) vs James Marter (R),IL-14,Lauren Underwood,James Marter,D+22.8,-22.8,Safe D,100,N,0
Jennifer Todd (D) vs Mary Miller (R),IL-15,Jennifer Todd,Mary Miller,R+34.0,34,Safe R,0,N,100
Paul Nolley (D) vs Darin LaHood (R),IL-16,Paul Nolley,Darin LaHood,R+21.8,21.8,Safe R,0,N,100
Eric Sorensen (D) vs Dillan Vancil (R),IL-17,Eric Sorensen,Dillan Vancil,D+20.9,-20.9,Safe D,100,N,0
Frank Mrvan (D) vs Barb Regnitz (R),IN-01,Frank Mrvan,Barb Regnitz,D+13.9,-13.9,Safe D,98,N,2
Jamee Decio (D) vs Rudy Yakym (R),IN-02,Jamee Decio,Rudy Yakym,R+24.2,24.2,Safe R,0,N,100
Kelly Thompson (D) vs Marlin Stutzman (R),IN-03,Kelly Thompson,Marlin Stutzman,R+28.6,28.6,Safe R,0,N,100
Drew Cox (D) vs Jim Baird (R),IN-04,Drew Cox,Jim Baird,R+27.3,27.3,Safe R,0,N,100
J.D. Ford (D) vs Victoria Spartz (R),IN-05,J.D. Ford,Victoria Spartz,R+11.4,11.4,Safe R,5,N,95
Cinde Wirth (D) vs Jefferson Shreve (R),IN-06,Cinde Wirth,Jefferson Shreve,R+28.9,28.9,Safe R,0,N,100
Andre Carson (D) vs Patrick McAuley (R),IN-07,Andre Carson,Patrick McAuley,D+53.9,-53.9,Safe D,100,N,0
Mary Allen (D) vs Mark Messmer (R),IN-08,Mary Allen,Mark Messmer,R+33.4,33.4,Safe R,0,N,100
Brad Meyer (D) vs Erin Houchin (R),IN-09,Brad Meyer,Erin Houchin,R+26.8,26.8,Safe R,0,N,100
Lauren Reinhold (D) vs Tracey Mann (R),KS-01,Lauren Reinhold,Tracey Mann,R+29.3,29.3,Safe R,0,N,100
Don Coover (D) vs Derek Schmidt (R),KS-02,Don Coover,Derek Schmidt,R+14.5,14.5,Safe R,2,N,98
Sharice Davids (D) vs Eric Jenkins (R),KS-03,Sharice Davids,Eric Jenkins,D+20.4,-20.4,Safe D,100,N,0
Katy Tyndell (D) vs Ron Estes (R),KS-04,Katy Tyndell,Ron Estes,R+20.6,20.6,Safe R,0,N,100
Drew Williams (D) vs James Comer (R),KY-01,Drew Williams,James Comer,R+41.5,41.5,Safe R,0,N,100
Megan Wingfield (D) vs Brett Guthrie (R),KY-02,Megan Wingfield,Brett Guthrie,R+36.9,36.9,Safe R,0,N,100
Morgan McGarvey (D) vs Maria Rodriguez (R),KY-03,Morgan McGarvey,Maria Rodriguez,D+36.2,-36.2,Safe D,100,N,0
Melissa Strange (D) vs Ed Gallrein (R),KY-04,Melissa Strange,Ed Gallrein,R+27.7,27.7,Safe R,0,N,100
Ned Pillersdorf (D) vs Hal Rogers (R),KY-05,Ned Pillersdorf,Hal Rogers,R+58.0,58,Safe R,0,N,100
Zach Dembo (D) vs Ralph Alvarado (R),KY-06,Zach Dembo,Ralph Alvarado,R+4.6,4.6,Lean R,24,N,76
Lauren Jewett (D) vs Steve Scalise (R),LA-01,Lauren Jewett,Steve Scalise,R+41.2,41.2,Safe R,0,N,100
Troy Carter (D) vs Eventual Nominee (R),LA-02,Troy Carter,Eventual Nominee,D+60.5,-60.5,Safe D,100,N,0
Eventual Nominee (D) vs Clay Higgins (R),LA-03,Eventual Nominee,Clay Higgins,R+40.3,40.3,Safe R,0,N,100
Eventual Nominee (D) vs Mike Johnson (R),LA-04,Eventual Nominee,Mike Johnson,R+38.3,38.3,Safe R,0,N,100
Eventual Nominee (D) vs Eventual Nominee (R),LA-05,Eventual Nominee,Eventual Nominee,R+32.8,32.8,Safe R,0,N,100
Cleo Fields (D) vs Eventual Nominee (R),LA-06,Cleo Fields,Eventual Nominee,R+24.5,24.5,Safe R,0,Y,100
Richard Neal (D) vs Eventual Nominee (R),MA-01,Richard Neal,Eventual Nominee,D+30.2,-30.2,Safe D,100,N,0
Jim McGovern (D) vs Eventual Nominee (R),MA-02,Jim McGovern,Eventual Nominee,D+40.7,-40.7,Safe D,100,N,0
Lori Trahan (D) vs Gary Grossi (R),MA-03,Lori Trahan,Gary Grossi,D+35.7,-35.7,Safe D,100,N,0
Jake Auchincloss (D) vs Tom Stalcup (R),MA-04,Jake Auchincloss,Tom Stalcup,D+32.4,-32.4,Safe D,100,N,0
Katherine Clark (D) vs Eventual Nominee (R),MA-05,Katherine Clark,Eventual Nominee,D+58.9,-58.9,Safe D,100,N,0
Eventual Nominee (D) vs Micah Jones (R),MA-06,Eventual Nominee,Micah Jones,D+33.6,-33.6,Safe D,100,N,0
Ayanna Pressley (D) vs Eventual Nominee (R),MA-07,Ayanna Pressley,Eventual Nominee,D+77.1,-77.1,Safe D,100,N,0
Stephen Lynch (D) vs Eventual Nominee (R),MA-08,Stephen Lynch,Eventual Nominee,D+46.8,-46.8,Safe D,100,N,0
Bill Keating (D) vs Tyler MacAllister (R),MA-09,Bill Keating,Tyler MacAllister,D+26.5,-26.5,Safe D,100,N,0
Dan Schwartz (D) vs Andy Harris (R),MD-01,Dan Schwartz,Andy Harris,R+12.2,12.2,Safe R,4,N,96
Johnny Olszewski (D) vs Dave Wallace (R),MD-02,Johnny Olszewski,Dave Wallace,D+32.3,-32.3,Safe D,100,N,0
Sarah Elfreth (D) vs Berney Flowers (R),MD-03,Sarah Elfreth,Berney Flowers,D+37.3,-37.3,Safe D,100,N,0
Glenn Ivey (D) vs George McDermott (R),MD-04,Glenn Ivey,George McDermott,D+87.7,-87.7,Safe D,100,N,0
Adrian Boafo (D) vs Chris Chaffee (R),MD-05,Adrian Boafo,Chris Chaffee,D+43.9,-43.9,Safe D,100,N,0
April McClain Delaney (D) vs Robin Ficker (R),MD-06,April McClain Delaney,Robin Ficker,D+20.8,-20.8,Safe D,100,N,0
Kweisi Mfume (D) vs Scott Collier (R),MD-07,Kweisi Mfume,Scott Collier,D+75.2,-75.2,Safe D,100,N,0
Jamie Raskin (D) vs Cheryl Riley (R),MD-08,Jamie Raskin,Cheryl Riley,D+67.8,-67.8,Safe D,100,N,0
Chellie Pingree (D) vs Ronald Russell (R),ME-01,Chellie Pingree,Ronald Russell,D+35.0,-35,Safe D,100,N,0
Matt Dunlap (D) vs Paul LePage (R),ME-02,Matt Dunlap,Paul LePage,R+1.2,1.2,Tossup,43,Y,57
Callie Barr (D) vs Jack Bergman (R),MI-01,Callie Barr,Jack Bergman,R+13.3,13.3,Safe R,3,N,97
Ben Ambrose (D) vs John Moolenaar (R),MI-02,Ben Ambrose,John Moolenaar,R+27.3,27.3,Safe R,0,N,100
Hillary Scholten (D) vs Terri DeBoer (R),MI-03,Hillary Scholten,Terri DeBoer,D+22.1,-22.1,Safe D,100,N,0
Sean McCann (D) vs Bill Huizenga (R),MI-04,Sean McCann,Bill Huizenga,R+1.5,1.5,Tossup,42,N,58
Christian Vukasovich (D) vs Tim Walberg (R),MI-05,Christian Vukasovich,Tim Walberg,R+24.2,24.2,Safe R,0,N,100
Debbie Dingell (D) vs Heather Smiley (R),MI-06,Debbie Dingell,Heather Smiley,D+39.0,-39,Safe D,100,N,0
Will Lawrence (D) vs Tom Barrett (R),MI-07,Will Lawrence,Tom Barrett,D+1.9,-1.9,Lean D,62,Y,38
Kristen McDonald Rivet (D) vs Thomas Smith (R),MI-08,Kristen McDonald Rivet,Thomas Smith,D+16.7,-16.7,Safe D,99,N,1
Ray Pooley (D) vs Lisa McClain (R),MI-09,Ray Pooley,Lisa McClain,R+29.6,29.6,Safe R,0,N,100
Christina Hines (D) vs Michael Bouchard (R),MI-10,Christina Hines,Michael Bouchard,D+3.1,-3.1,Lean D,68,Y,32
Jeremy Moss (D) vs Ethan Baker (R),MI-11,Jeremy Moss,Ethan Baker,D+27.4,-27.4,Safe D,100,N,0
Rashida Tlaib (D) vs James Hooper (R),MI-12,Rashida Tlaib,James Hooper,D+53.4,-53.4,Safe D,100,N,0
Donovan McKinney (D) vs T.P. Nykoriak (R),MI-13,Donovan McKinney,T.P. Nykoriak,D+52.3,-52.3,Safe D,100,N,0
Jake Johnson (D) vs Brad Finstad (R),MN-01,Jake Johnson,Brad Finstad,R+11.7,11.7,Safe R,4,N,96
Matt Little (D) vs Eric Pratt (R),MN-02,Matt Little,Eric Pratt,D+10.5,-10.5,Likely D,94,N,6
Kelly Morrison (D) vs Tyler Bass (R),MN-03,Kelly Morrison,Tyler Bass,D+27.5,-27.5,Safe D,100,N,0
Betty McCollum (D) vs Paul Wiksom (R),MN-04,Betty McCollum,Paul Wiksom,D+42.5,-42.5,Safe D,100,N,0
Ilhan Omar (D) vs John Nagel (R),MN-05,Ilhan Omar,John Nagel,D+61.4,-61.4,Safe D,100,N,0
Doug Chapin (D) vs Tom Emmer (R),MN-06,Doug Chapin,Tom Emmer,R+22.9,22.9,Safe R,0,N,100
Erik Osberg (D) vs Michelle Fischbach (R),MN-07,Erik Osberg,Michelle Fischbach,R+37.2,37.2,Safe R,0,N,100
Trina Swanson (D) vs Pete Stauber (R),MN-08,Trina Swanson,Pete Stauber,R+15.4,15.4,Safe R,1,N,99
Wesley Bell (D) vs Paul Berry III (R),MO-01,Wesley Bell,Paul Berry III,D+73.2,-73.2,Safe D,100,N,0
Fred Wellman (D) vs Ann Wagner (R),MO-02,Fred Wellman,Ann Wagner,R+6.5,6.5,Likely R,17,N,83
Bethany Mann (D) vs Bob Onder (R),MO-03,Bethany Mann,Bob Onder,R+14.5,14.5,Safe R,2,N,98
Jordan Herrera (D) vs Mark Alford (R),MO-04,Jordan Herrera,Mark Alford,R+17.0,17,Safe R,1,N,99
Emanuel Cleaver (D) vs Rick Brattin (R),MO-05,Emanuel Cleaver,Rick Brattin,R+5.7,5.7,Likely R,19,Y,81
Josh Smead (D) vs Chris Stigall (R),MO-06,Josh Smead,Chris Stigall,R+19.4,19.4,Safe R,1,N,99
Missi Hesketh (D) vs Eric Burlison (R),MO-07,Missi Hesketh,Eric Burlison,R+38.4,38.4,Safe R,0,N,100
Chris Reichard (D) vs Jason Smith (R),MO-08,Chris Reichard,Jason Smith,R+48.5,48.5,Safe R,0,N,100
Cliff Johnson (D) vs Trent Kelly (R),MS-01,Cliff Johnson,Trent Kelly,R+33.9,33.9,Safe R,0,N,100
Bennie Thompson (D) vs Ron Eller (R),MS-02,Bennie Thompson,Ron Eller,D+34.1,-34.1,Safe D,100,N,0
Michael Chiaradio (D) vs Michael Guest (R),MS-03,Michael Chiaradio,Michael Guest,R+28.8,28.8,Safe R,0,N,100
Jeffrey Hulum III (D) vs Mike Ezell (R),MS-04,Jeffrey Hulum III,Mike Ezell,R+41.6,41.6,Safe R,0,N,100
Sam Forstag (D) vs Aaron Flint (R),MT-01,Sam Forstag,Aaron Flint,R+4.2,4.2,Lean R,26,N,74
Brian Miller (D) vs Troy Downing (R),MT-02,Brian Miller,Troy Downing,R+27.7,27.7,Safe R,0,N,100
Don Davis (D) vs Laurie Buckhout (R),NC-01,Don Davis,Laurie Buckhout,D+0.9,-0.9,Tossup,55,N,45
Deborah Ross (D) vs Eugene Douglass (R),NC-02,Deborah Ross,Eugene Douglass,D+46.1,-46.1,Safe D,100,N,0
Raymond Smith Jr. (D) vs Greg Murphy (R),NC-03,Raymond Smith Jr.,Greg Murphy,R+12.5,12.5,Safe R,4,N,96
Valerie Foushee (D) vs Max Ganorkar (R),NC-04,Valerie Foushee,Max Ganorkar,D+57.6,-57.6,Safe D,100,N,0
Chuck Hubbard (D) vs Virginia Foxx (R),NC-05,Chuck Hubbard,Virginia Foxx,R+13.5,13.5,Safe R,3,N,97
Cyril Jefferson (D) vs Addison McDowell (R),NC-06,Cyril Jefferson,Addison McDowell,R+15.5,15.5,Safe R,1,N,99
Kimberly Hardy (D) vs David Rouzer (R),NC-07,Kimberly Hardy,David Rouzer,R+11.4,11.4,Safe R,5,N,95
Colby Watson (D) vs Mark Harris (R),NC-08,Colby Watson,Mark Harris,R+16.7,16.7,Safe R,1,N,99
Richard Ojeda (D) vs Richard Hudson (R),NC-09,Richard Ojeda,Richard Hudson,R+10.8,10.8,Safe R,5,N,95
Ashley Bell (D) vs Pat Harrigan (R),NC-10,Ashley Bell,Pat Harrigan,R+16.0,16,Safe R,1,N,99
Jamie Ager (D) vs Eventual Nominee (R),NC-11,Jamie Ager,Eventual Nominee,R+1.0,1,Tossup,44,N,56
Alma Adams (D) vs Jack Codiga (R),NC-12,Alma Adams,Jack Codiga,D+57.5,-57.5,Safe D,100,N,0
Paul Barringer (D) vs Brad Knott (R),NC-13,Paul Barringer,Brad Knott,R+11.5,11.5,Safe R,5,N,95
Lakesha Womack (D) vs Tim Moore (R),NC-14,Lakesha Womack,Tim Moore,R+13.0,13,Safe R,3,N,97
Trygve Hammer (D) vs Julie Fedorchak (R),ND-AL,Trygve Hammer,Julie Fedorchak,R+34.1,34.1,Safe R,0,N,100
Chris Backemeyer (D) vs Mike Flood (R),NE-01,Chris Backemeyer,Mike Flood,R+9.6,9.6,Likely R,8,N,92
Denise Powell (D) vs Brinker Harding (R),NE-02,Denise Powell,Brinker Harding,D+13.0,-13,Safe D,97,Y,3
Becky Stille (D) vs Adrian Smith (R),NE-03,Becky Stille,Adrian Smith,R+52.4,52.4,Safe R,0,N,100
Eventual Nominee (D) vs Eventual Nominee (R),NH-01,Eventual Nominee,Eventual Nominee,D+11.3,-11.3,Safe D,95,N,5
Maggie Goodlander (D) vs Lily Tang Williams (R),NH-02,Maggie Goodlander,Lily Tang Williams,D+17.5,-17.5,Safe D,99,N,1
Donald Norcross (D) vs Damon Galdo (R),NJ-01,Donald Norcross,Damon Galdo,D+30.5,-30.5,Safe D,100,N,0
Zack Mullock (D) vs Jeff Van Drew (R),NJ-02,Zack Mullock,Jeff Van Drew,R+12.0,12,Safe R,4,N,96
Herb Conaway (D) vs Michael McGuire (R),NJ-03,Herb Conaway,Michael McGuire,D+21.5,-21.5,Safe D,100,N,0
Rachel Peace (D) vs Chris Smith (R),NJ-04,Rachel Peace,Chris Smith,R+31.5,31.5,Safe R,0,N,100
Josh Gottheimer (D) vs Sean Kirrane (R),NJ-05,Josh Gottheimer,Sean Kirrane,D+16.6,-16.6,Safe D,99,N,1
Frank Pallone (D) vs Hillary Herzig (R),NJ-06,Frank Pallone,Hillary Herzig,D+21.2,-21.2,Safe D,100,N,0
Rebecca Bennett (D) vs Tom Kean (R),NJ-07,Rebecca Bennett,Tom Kean,D+2.5,-2.5,Lean D,65,Y,35
Rob Menendez (D) vs Eventual Nominee (R),NJ-08,Rob Menendez,Eventual Nominee,D+38.1,-38.1,Safe D,100,N,0
Nellie Pou (D) vs Rosie Pino (R),NJ-09,Nellie Pou,Rosie Pino,D+13.2,-13.2,Safe D,97,N,3
LaMonica McIver (D) vs Carmen Bucco (R),NJ-10,LaMonica McIver,Carmen Bucco,D+61.9,-61.9,Safe D,100,N,0
Analilia Mejia (D) vs Joe Hathaway (R),NJ-11,Analilia Mejia,Joe Hathaway,D+18.1,-18.1,Safe D,99,N,1
Adam Hamawy (D) vs Gregg Mele (R),NJ-12,Adam Hamawy,Gregg Mele,D+33.7,-33.7,Safe D,100,N,0
Melanie Stansbury (D) vs Didi Okpareke (R),NM-01,Melanie Stansbury,Didi Okpareke,D+25.6,-25.6,Safe D,100,N,0
Gabe Vasquez (D) vs Greg Cunningham (R),NM-02,Gabe Vasquez,Greg Cunningham,D+12.1,-12.1,Safe D,96,N,4
Teresa Leger Fernandez (D) vs Martin Zamora (R),NM-03,Teresa Leger Fernandez,Martin Zamora,D+20.2,-20.2,Safe D,100,N,0
Dina Titus (D) vs Carrie Buck (R),NV-01,Dina Titus,Carrie Buck,D+12.8,-12.8,Safe D,97,N,3
Teresa F. Benitez-Thompson (D) vs David Flippo (R),NV-02,Teresa F. Benitez-Thompson,David Flippo,R+9.0,9,Likely R,9,N,91
Susie Lee (D) vs Marty O'Donnell (R),NV-03,Susie Lee,Marty O'Donnell,D+9.8,-9.8,Likely D,93,N,7
Steven Horsford (D) vs Cody Whipple (R),NV-04,Steven Horsford,Cody Whipple,D+14.8,-14.8,Safe D,98,N,2
Christopher Gallant (D) vs Nick LaLota (R),NY-01,Christopher Gallant,Nick LaLota,R+6.4,6.4,Likely R,16,N,84
Patrick Halpin (D) vs Andrew Garbarino (R),NY-02,Patrick Halpin,Andrew Garbarino,R+13.0,13,Safe R,3,N,97
Tom Suozzi (D) vs Michael LiPetri (R),NY-03,Tom Suozzi,Michael LiPetri,D+9.6,-9.6,Likely D,92,N,8
Laura Gillen (D) vs Jeanine Driscoll (R),NY-04,Laura Gillen,Jeanine Driscoll,D+15.1,-15.1,Safe D,98,N,2
Greg Meeks (D) vs George Marsh (R),NY-05,Greg Meeks,George Marsh,D+53.0,-53,Safe D,100,N,0
Grace Meng (D) vs Joseph Chou (R),NY-06,Grace Meng,Joseph Chou,D+24.7,-24.7,Safe D,100,N,0
Claire Valdez (D) vs Melvin Rivera (R),NY-07,Claire Valdez,Melvin Rivera,D+56.9,-56.9,Safe D,100,N,0
Hakeem Jeffries (D) vs Lewis Mizrahi (R),NY-08,Hakeem Jeffries,Lewis Mizrahi,D+58.0,-58,Safe D,100,N,0
Yvette Clarke (D) vs Joel Anabilah-Azumah (R),NY-09,Yvette Clarke,Joel Anabilah-Azumah,D+55.7,-55.7,Safe D,100,N,0
Brad Lander (D) vs Jennifer Moore (R),NY-10,Brad Lander,Jennifer Moore,D+70.1,-70.1,Safe D,100,N,0
Michael DeCillis (D) vs Nicole Malliotakis (R),NY-11,Michael DeCillis,Nicole Malliotakis,R+22.5,22.5,Safe R,0,N,100
Micah Lasher (D) vs Caroline Shinkle (R),NY-12,Micah Lasher,Caroline Shinkle,D+72.7,-72.7,Safe D,100,N,0
Darializa Chevalier (D) vs Jomo Williams (R),NY-13,Darializa Chevalier,Jomo Williams,D+70.8,-70.8,Safe D,100,N,0
Alexandria Ocasio-Cortez (D) vs Diamant Hysenaj (R),NY-14,Alexandria Ocasio-Cortez,Diamant Hysenaj,D+46.2,-46.2,Safe D,100,N,0
Ritchie Torres (D) vs Stylo Sapaskis (R),NY-15,Ritchie Torres,Stylo Sapaskis,D+67.5,-67.5,Safe D,100,N,0
George Latimer (D) vs Joseph Cinquemani (R),NY-16,George Latimer,Joseph Cinquemani,D+50.0,-50,Safe D,100,N,0
Cait Conley (D) vs Mike Lawler (R),NY-17,Cait Conley,Mike Lawler,D+1.9,-1.9,Lean D,60,Y,40
Pat Ryan (D) vs Jacqueline Auringer (R),NY-18,Pat Ryan,Jacqueline Auringer,D+20.5,-20.5,Safe D,100,N,0
Josh Riley (D) vs Pete Oberacker (R),NY-19,Josh Riley,Pete Oberacker,D+16.7,-16.7,Safe D,99,N,1
Paul Tonko (D) vs Ralph Ambrosio (R),NY-20,Paul Tonko,Ralph Ambrosio,D+29.8,-29.8,Safe D,100,N,0
Blake Gendebien (D) vs Anthony Constantino (R),NY-21,Blake Gendebien,Anthony Constantino,R+12.1,12.1,Safe R,5,N,95
John Mannion (D) vs Kailee Buller (R),NY-22,John Mannion,Kailee Buller,D+23.9,-23.9,Safe D,100,N,0
Aaron Gies (D) vs Nick Langworthy (R),NY-23,Aaron Gies,Nick Langworthy,R+20.4,20.4,Safe R,0,N,100
Alissa Ellman (D) vs Claudia Tenney (R),NY-24,Alissa Ellman,Claudia Tenney,R+20.1,20.1,Safe R,0,N,100
Joseph Morelle (D) vs Virginia McIntyre (R),NY-25,Joseph Morelle,Virginia McIntyre,D+31.7,-31.7,Safe D,100,N,0
Tim Kennedy (D) vs Dennis Hannon (R),NY-26,Tim Kennedy,Dennis Hannon,D+36.0,-36,Safe D,100,N,0
Greg Landsman (D) vs Eric Conroy (R),OH-01,Greg Landsman,Eric Conroy,D+10.3,-10.3,Likely D,92,N,8
Jennifer Mazzuckelli (D) vs David Taylor (R),OH-02,Jennifer Mazzuckelli,David Taylor,R+37.7,37.7,Safe R,0,N,100
Joyce Beatty (D) vs Cleophus Dulaney (R),OH-03,Joyce Beatty,Cleophus Dulaney,D+54.1,-54.1,Safe D,100,N,0
Joshua Kolasinski (D) vs Jim Jordan (R),OH-04,Joshua Kolasinski,Jim Jordan,R+36.9,36.9,Safe R,0,N,100
Brian Shaver (D) vs Bob Latta (R),OH-05,Brian Shaver,Bob Latta,R+21.1,21.1,Safe R,0,N,100
Elizabeth Kirtley (D) vs Michael Rulli (R),OH-06,Elizabeth Kirtley,Michael Rulli,R+29.3,29.3,Safe R,0,N,100
Brian Poindexter (D) vs Max Miller (R),OH-07,Brian Poindexter,Max Miller,D+3.4,-3.4,Lean D,68,Y,32
Vanessa Enoch (D) vs Warren Davidson (R),OH-08,Vanessa Enoch,Warren Davidson,R+10.9,10.9,Likely R,6,N,94
Marcy Kaptur (D) vs Derek Merrin (R),OH-09,Marcy Kaptur,Derek Merrin,D+7.8,-7.8,Likely D,88,N,12
Kristina Knickerbocker (D) vs Mike Turner (R),OH-10,Kristina Knickerbocker,Mike Turner,R+7.9,7.9,Likely R,13,N,87
Shontel Brown (D) vs Mike Kirchner (R),OH-11,Shontel Brown,Mike Kirchner,D+71.3,-71.3,Safe D,100,N,0
Jerrad Christian (D) vs Troy Balderson (R),OH-12,Jerrad Christian,Troy Balderson,R+26.3,26.3,Safe R,0,N,100
Emilia Sykes (D) vs Carey Coleman (R),OH-13,Emilia Sykes,Carey Coleman,D+20.0,-20,Safe D,100,N,0
Maria Jukic (D) vs David Joyce (R),OH-14,Maria Jukic,David Joyce,R+18.7,18.7,Safe R,1,N,99
Don Leonard (D) vs Mike Carey (R),OH-15,Don Leonard,Mike Carey,R+5.3,5.3,Lean R,23,N,77
John Croisant (D) vs Eventual Nominee (R),OK-01,John Croisant,Eventual Nominee,R+18.4,18.4,Safe R,1,N,99
Brandon Wade (D) vs Josh Brecheen (R),OK-02,Brandon Wade,Josh Brecheen,R+50.6,50.6,Safe R,0,N,100
Suzie Byrd (D) vs Frank Lucas (R),OK-03,Suzie Byrd,Frank Lucas,R+44.2,44.2,Safe R,0,N,100
Mitchell Jacob (D) vs Tom Cole (R),OK-04,Mitchell Jacob,Tom Cole,R+32.2,32.2,Safe R,0,N,100
Jena Nelson (D) vs Stephanie Bice (R),OK-05,Jena Nelson,Stephanie Bice,R+16.1,16.1,Safe R,1,N,99
Suzanne Bonamici (D) vs Barbara Kahl (R),OR-01,Suzanne Bonamici,Barbara Kahl,D+52.7,-52.7,Safe D,100,N,0
Chris Beck (D) vs Cliff Bentz (R),OR-02,Chris Beck,Cliff Bentz,R+23.8,23.8,Safe R,0,N,100
Maxine Dexter (D) vs Loran Ayles (R),OR-03,Maxine Dexter,Loran Ayles,D+60.8,-60.8,Safe D,100,N,0
Val Hoyle (D) vs Monique DeSpain (R),OR-04,Val Hoyle,Monique DeSpain,D+21.1,-21.1,Safe D,100,N,0
Janelle Bynum (D) vs Patti Adair (R),OR-05,Janelle Bynum,Patti Adair,D+23.3,-23.3,Safe D,100,N,0
Andrea Salinas (D) vs David Russ (R),OR-06,Andrea Salinas,David Russ,D+24.3,-24.3,Safe D,100,N,0
Bob Harvie (D) vs Brian Fitzpatrick (R),PA-01,Bob Harvie,Brian Fitzpatrick,R+0.7,0.7,Tossup,46,N,54
Brendan Boyle (D) vs Jessica Arriaga (R),PA-02,Brendan Boyle,Jessica Arriaga,D+54.7,-54.7,Safe D,100,N,0
Chris Rabb (D) vs Eventual Nominee (R),PA-03,Chris Rabb,Eventual Nominee,D+89.6,-89.6,Safe D,100,N,0
Madeleine Dean (D) vs Aurora Stuski (R),PA-04,Madeleine Dean,Aurora Stuski,D+31.9,-31.9,Safe D,100,N,0
Mary Gay Scanlon (D) vs Nicholas Manganaro (R),PA-05,Mary Gay Scanlon,Nicholas Manganaro,D+44.1,-44.1,Safe D,100,N,0
Chrissy Houlahan (D) vs Marty Young (R),PA-06,Chrissy Houlahan,Marty Young,D+27.3,-27.3,Safe D,100,N,0
Bob Brooks (D) vs Ryan Mackenzie (R),PA-07,Bob Brooks,Ryan Mackenzie,D+4.5,-4.5,Lean D,75,Y,25
Paige Cognetti (D) vs Rob Bresnahan (R),PA-08,Paige Cognetti,Rob Bresnahan,D+1.1,-1.1,Tossup,57,Y,43
Rachel Wallace (D) vs Dan Meuser (R),PA-09,Rachel Wallace,Dan Meuser,R+29.4,29.4,Safe R,0,N,100
Janelle Stelson (D) vs Scott Perry (R),PA-10,Janelle Stelson,Scott Perry,D+9.3,-9.3,Likely D,91,Y,9
Nancy Mannion (D) vs Lloyd Smucker (R),PA-11,Nancy Mannion,Lloyd Smucker,R+15.2,15.2,Safe R,2,N,98
Summer Lee (D) vs James Hayes (R),PA-12,Summer Lee,James Hayes,D+29.9,-29.9,Safe D,100,N,0
Beth Farnham (D) vs John Joyce (R),PA-13,Beth Farnham,John Joyce,R+39.8,39.8,Safe R,0,N,100
Alan Bradstock (D) vs Guy Reschenthaler (R),PA-14,Alan Bradstock,Guy Reschenthaler,R+26.1,26.1,Safe R,0,N,100
Ray Bilger (D) vs Glenn Thompson (R),PA-15,Ray Bilger,Glenn Thompson,R+32.5,32.5,Safe R,0,N,100
Justin Wagner (D) vs Mike Kelly (R),PA-16,Justin Wagner,Mike Kelly,R+16.4,16.4,Safe R,1,N,99
Chris Deluzio (D) vs Tony Guy (R),PA-17,Chris Deluzio,Tony Guy,D+22.7,-22.7,Safe D,100,N,0
Gabe Amo (D) vs Eventual Nominee (R),RI-01,Gabe Amo,Eventual Nominee,D+40.5,-40.5,Safe D,100,N,0
Seth Magaziner (D) vs Eventual Nominee (R),RI-02,Seth Magaziner,Eventual Nominee,D+20.3,-20.3,Safe D,100,N,0
Nancy Lacore (D) vs Jenny Costa Honeycutt (R),SC-01,Nancy Lacore,Jenny Costa Honeycutt,R+4.4,4.4,Lean R,26,N,74
Zyon Khalifa (D) vs Joe Wilson (R),SC-02,Zyon Khalifa,Joe Wilson,R+13.2,13.2,Safe R,3,N,97
Eunice Lehmacher (D) vs Sheri Biggs (R),SC-03,Eunice Lehmacher,Sheri Biggs,R+44.2,44.2,Safe R,0,N,100
Courtney McClain (D) vs William Timmons (R),SC-04,Courtney McClain,William Timmons,R+22.0,22,Safe R,0,N,100
Mallory Dittmer (D) vs Wes Climer (R),SC-05,Mallory Dittmer,Wes Climer,R+18.4,18.4,Safe R,1,N,99
Jim Clyburn (D) vs John Peterson (R),SC-06,Jim Clyburn,John Peterson,D+33.6,-33.6,Safe D,100,N,0
John Vincent (D) vs Russell Fry (R),SC-07,John Vincent,Russell Fry,R+24.3,24.3,Safe R,0,N,100
Nikki Gronli (D) vs Marty Jackley (R),SD-AL,Nikki Gronli,Marty Jackley,R+22.1,22.1,Safe R,0,N,100
Kristie Burke (D) vs Diana Harshbarger (R),TN-01,Kristie Burke,Diana Harshbarger,R+51.9,51.9,Safe R,0,N,100
Michaela Barnett (D) vs Tim Burchett (R),TN-02,Michaela Barnett,Tim Burchett,R+29.7,29.7,Safe R,0,N,100
Anna Golladay (D) vs Chuck Fleischmann (R),TN-03,Anna Golladay,Chuck Fleischmann,R+30.8,30.8,Safe R,0,N,100
Victoria Broderick (D) vs Scott DesJarlais (R),TN-04,Victoria Broderick,Scott DesJarlais,R+15.6,15.6,Safe R,2,N,98
Chaz Molder (D) vs Charlie Hatcher (R),TN-05,Chaz Molder,Charlie Hatcher,R+11.8,11.8,Safe R,4,N,96
Mike Croley (D) vs Johnny Garrett (R),TN-06,Mike Croley,Johnny Garrett,R+19.1,19.1,Safe R,0,N,100
Joshua Sales (D) vs Matt Van Epps (R),TN-07,Joshua Sales,Matt Van Epps,R+16.2,16.2,Safe R,1,N,99
Heidi Kuhn (D) vs David Kustoff (R),TN-08,Heidi Kuhn,David Kustoff,R+17.5,17.5,Safe R,1,N,99
Justin Pearson (D) vs Brent Taylor (R),TN-09,Justin Pearson,Brent Taylor,R+11.1,11.1,Safe R,5,Y,95
Yolanda Prince (D) vs Nathaniel Moran (R),TX-01,Yolanda Prince,Nathaniel Moran,R+45.8,45.8,Safe R,0,N,100
Shaun Finnie (D) vs Steve Toth (R),TX-02,Shaun Finnie,Steve Toth,R+10.8,10.8,Likely R,6,N,94
Evan Hunt (D) vs Keith Self (R),TX-03,Evan Hunt,Keith Self,R+17.2,17.2,Safe R,1,N,99
Jason Pearce (D) vs Pat Fallon (R),TX-04,Jason Pearce,Pat Fallon,R+20.6,20.6,Safe R,0,N,100
Chelsey Hockett (D) vs Lance Gooden (R),TX-05,Chelsey Hockett,Lance Gooden,R+15.6,15.6,Safe R,1,N,99
Danny Minton (D) vs Jake Ellzey (R),TX-06,Danny Minton,Jake Ellzey,R+17.3,17.3,Safe R,1,N,99
Lizzie Fletcher (D) vs Alexander Hale (R),TX-07,Lizzie Fletcher,Alexander Hale,D+39.2,-39.2,Safe D,100,N,0
Laura Jones (D) vs Jessica Hart Steinmann (R),TX-08,Laura Jones,Jessica Hart Steinmann,R+19.6,19.6,Safe R,0,N,100
Leticia Gutierrez (D) vs Alex Mealer (R),TX-09,Leticia Gutierrez,Alex Mealer,R+11.5,11.5,Safe R,5,Y,95
Caitlin Rourk (D) vs Chris Gober (R),TX-10,Caitlin Rourk,Chris Gober,R+14.0,14,Safe R,2,N,98
Claire Reynolds (D) vs August Pfluger (R),TX-11,Claire Reynolds,August Pfluger,R+29.2,29.2,Safe R,0,N,100
Angela Rodriguez (D) vs Craig Goldman (R),TX-12,Angela Rodriguez,Craig Goldman,R+20.0,20,Safe R,0,N,100
Mark Nair (D) vs Ronny Jackson (R),TX-13,Mark Nair,Ronny Jackson,R+39.4,39.4,Safe R,0,N,100
Thurman Bartie (D) vs Randy Weber (R),TX-14,Thurman Bartie,Randy Weber,R+19.5,19.5,Safe R,0,N,100
Bobby Pulido (D) vs Monica De La Cruz (R),TX-15,Bobby Pulido,Monica De La Cruz,R+1.1,1.1,Tossup,43,N,57
Veronica Escobar (D) vs Adam Bauman (R),TX-16,Veronica Escobar,Adam Bauman,D+32.9,-32.9,Safe D,100,N,0
Casey Shepard (D) vs Pete Sessions (R),TX-17,Casey Shepard,Pete Sessions,R+16.9,16.9,Safe R,1,N,99
Christian Menefee (D) vs Ronald Whitfield (R),TX-18,Christian Menefee,Ronald Whitfield,D+70.9,-70.9,Safe D,100,N,0
Kyle Rable (D) vs Tom Sell (R),TX-19,Kyle Rable,Tom Sell,R+43.5,43.5,Safe R,0,N,100
Joaquin Castro (D) vs Edgardo Rafael Baez (R),TX-20,Joaquin Castro,Edgardo Rafael Baez,D+49.1,-49.1,Safe D,100,N,0
Kristin Hook (D) vs Mark Teixeira (R),TX-21,Kristin Hook,Mark Teixeira,R+13.3,13.3,Safe R,3,N,97
Marquette Greene-Scott (D) vs Trever Nehls (R),TX-22,Marquette Greene-Scott,Trever Nehls,R+13.6,13.6,Safe R,2,N,98
Katy Padilla Stout (D) vs Brandon Herrera (R),TX-23,Katy Padilla Stout,Brandon Herrera,R+4.9,4.9,Lean R,23,N,77
Kevin Burge (D) vs Beth Van Duyne (R),TX-24,Kevin Burge,Beth Van Duyne,R+12.0,12,Safe R,4,N,96
Dione Sims (D) vs Roger Williams (R),TX-25,Dione Sims,Roger Williams,R+17.7,17.7,Safe R,1,N,99
Steven Shook (D) vs Brandon Gill (R),TX-26,Steven Shook,Brandon Gill,R+20.3,20.3,Safe R,0,N,100
Tanya Lloyd (D) vs Michael Cloud (R),TX-27,Tanya Lloyd,Michael Cloud,R+15.3,15.3,Safe R,1,N,99
Henry Cuellar (D) vs Tano Tijerina (R),TX-28,Henry Cuellar,Tano Tijerina,D+10.8,-10.8,Likely D,94,N,6
Sylvia Garcia (D) vs Martha Fierro (R),TX-29,Sylvia Garcia,Martha Fierro,D+51.2,-51.2,Safe D,100,N,0
Frederick Haynes III (D) vs Everett Jackson (R),TX-30,Frederick Haynes III,Everett Jackson,D+60.2,-60.2,Safe D,100,N,0
Justin Early (D) vs John Carter (R),TX-31,Justin Early,John Carter,R+16.8,16.8,Safe R,1,N,99
Dan Barros (D) vs Jace Yarbrough (R),TX-32,Dan Barros,Jace Yarbrough,R+10.6,10.6,Likely R,6,Y,94
Colin Allred (D) vs Patrick Gillespie (R),TX-33,Colin Allred,Patrick Gillespie,D+47.7,-47.7,Safe D,100,N,0
Vicente Gonzalez (D) vs Eric Flores (R),TX-34,Vicente Gonzalez,Eric Flores,D+5.1,-5.1,Lean D,78,N,22
Johnny Garcia (D) vs Carlos De La Cruz (R),TX-35,Johnny Garcia,Carlos De La Cruz,D+0.8,-0.8,Tossup,54,N,46
Rhonda Hart (D) vs Brian Babin (R),TX-36,Rhonda Hart,Brian Babin,R+19.3,19.3,Safe R,0,N,100
Greg Casar (D) vs Lauren Peña (R),TX-37,Greg Casar,Lauren Peña,D+71.7,-71.7,Safe D,100,N,0
Melissa McDonough (D) vs Jon Bonck (R),TX-38,Melissa McDonough,Jon Bonck,R+13.2,13.2,Safe R,3,N,97
Ben McAdams (D) vs Riley Owen (R),UT-01,Ben McAdams,Riley Owen,D+37.9,-37.9,Safe D,100,Y,0
Peter Crosby (D) vs Blake Moore (R),UT-02,Peter Crosby,Blake Moore,R+30.0,30,Safe R,0,N,100
Kent Udell (D) vs Celeste Maloy (R),UT-03,Kent Udell,Celeste Maloy,R+40.5,40.5,Safe R,0,N,100
Jonny Larsen (D) vs Mike Kennedy (R),UT-04,Jonny Larsen,Mike Kennedy,R+35.7,35.7,Safe R,0,N,100
Shannon Taylor (D) vs Rob Wittman (R),VA-01,Shannon Taylor,Rob Wittman,D+0.6,-0.6,Tossup,53,Y,47
Elaine Luria (D) vs Jen Kiggans (R),VA-02,Elaine Luria,Jen Kiggans,D+5.5,-5.5,Lean D,79,Y,21
Bobby Scott (D) vs Edwin Rivera (R),VA-03,Bobby Scott,Edwin Rivera,D+51.3,-51.3,Safe D,100,N,0
Jennifer McClellan (D) vs Robert Murray (R),VA-04,Jennifer McClellan,Robert Murray,D+48.1,-48.1,Safe D,100,N,0
Tom Perriello (D) vs John McGuire (R),VA-05,Tom Perriello,John McGuire,R+5.4,5.4,Likely R,20,N,80
Beth Macy (D) vs Ben Cline (R),VA-06,Beth Macy,Ben Cline,R+16.6,16.6,Safe R,1,N,99
Eugene Vindman (D) vs Doug Ollivant (R),VA-07,Eugene Vindman,Doug Ollivant,D+19.5,-19.5,Safe D,100,N,0
Don Beyer (D) vs Tony Sabio (R),VA-08,Don Beyer,Tony Sabio,D+61.9,-61.9,Safe D,100,N,0
Joy Powers (D) vs Morgan Griffith (R),VA-09,Joy Powers,Morgan Griffith,R+38.4,38.4,Safe R,0,N,100
Suhas Subramanyam (D) vs Dave Beckwith (R),VA-10,Suhas Subramanyam,Dave Beckwith,D+20.5,-20.5,Safe D,100,N,0
James Walkinshaw (D) vs Arthur Purves (R),VA-11,James Walkinshaw,Arthur Purves,D+48.9,-48.9,Safe D,100,N,0
Becca Balint (D) vs Gerald Malloy (R),VT-AL,Becca Balint,Gerald Malloy,D+44.3,-44.3,Safe D,100,N,0
Suzan DelBene (D) vs Eventual Nominee (R),WA-01,Suzan DelBene,Eventual Nominee,D+37.4,-37.4,Safe D,100,N,0
Rick Larsen (D) vs Edwin Feller (R),WA-02,Rick Larsen,Edwin Feller,D+35.3,-35.3,Safe D,100,N,0
Marie Gluesenkamp Perez (D) vs John Braun (R),WA-03,Marie Gluesenkamp Perez,John Braun,D+8.9,-8.9,Likely D,90,N,10
John Duresky (D) vs Amanda McKinney (R),WA-04,John Duresky,Amanda McKinney,R+16.2,16.2,Safe R,1,N,99
Carmela Conroy (D) vs Michael Baumgartner (R),WA-05,Carmela Conroy,Michael Baumgartner,R+15.1,15.1,Safe R,2,N,98
Emily Randall (D) vs Teresa Fox (R),WA-06,Emily Randall,Teresa Fox,D+29.6,-29.6,Safe D,100,N,0
Pramila Jayapal (D) vs Nirav Sheth (R),WA-07,Pramila Jayapal,Nirav Sheth,D+80.8,-80.8,Safe D,100,N,0
Kim Schrier (D) vs Eventual Nominee (R),WA-08,Kim Schrier,Eventual Nominee,D+17.3,-17.3,Safe D,99,N,1
Adam Smith (D) vs Doug Basler (R),WA-09,Adam Smith,Doug Basler,D+51.3,-51.3,Safe D,100,N,0
Marilyn Strickland (D) vs Eventual Nominee (R),WA-10,Marilyn Strickland,Eventual Nominee,D+28.2,-28.2,Safe D,100,N,0
Mitchell Berman (D) vs Bryan Steil (R),WI-01,Mitchell Berman,Bryan Steil,R+6.5,6.5,Likely R,16,N,84
Mark Pocan (D),WI-02,Mark Pocan,Not Contested,D+100.0,-100,Safe D,100,N,0
Rebecca Cooke (D) vs Derrick Van Orden (R),WI-03,Rebecca Cooke,Derrick Van Orden,D+1.1,-1.1,Tossup,57,Y,43
Gwen Moore (D) vs Tim Rogers (R),WI-04,Gwen Moore,Tim Rogers,D+62.5,-62.5,Safe D,100,N,0
Andrew Beck (D) vs Scott Fitzgerald (R),WI-05,Andrew Beck,Scott Fitzgerald,R+23.4,23.4,Safe R,0,N,100
Brad Smith (D) vs Glenn Grothman (R),WI-06,Brad Smith,Glenn Grothman,R+15.9,15.9,Safe R,1,N,99
Fred Clark (D) vs Michael Alfonso (R),WI-07,Fred Clark,Michael Alfonso,R+18.5,18.5,Safe R,1,N,99
Rick Crosson (D) vs Tony Wied (R),WI-08,Rick Crosson,Tony Wied,R+14.6,14.6,Safe R,2,N,98
Vince George (D) vs Carol Miller (R),WV-01,Vince George,Carol Miller,R+36.1,36.1,Safe R,0,N,100
Ace Parsi (D) vs Riley Moore (R),WV-02,Ace Parsi,Riley Moore,R+35.5,35.5,Safe R,0,N,100
Lisa Kinney (D) vs Chuck Gray (R),WY-AL,Lisa Kinney,Chuck Gray,R+39.7,39.7,Safe R,0,N,100