Gate,Passed,Detail
Popular vote incumbent preserved,True,ExpectedVoteAnchor
House = 435 race-first districts,True,D230-R205
Senate current contract = 12 monitored / 23 structural-only,True,structural gate=True
Senate monitored method selected by OOF evidence,True,POLL_5B
Senate production promotion is explicit and gate-controlled,True,promoted=True
Montana independent is retained explicitly,True,No silent Democratic reassignment
Required House + Senate live sources present,True,OK
Final report generated,True,/Users/juani/Documents/GitHub/midterms-2026-forecast/outputs/Election_Model_Final_Report_v30.xlsx
Autonomous v30 HTML generated,True,/Users/juani/Documents/GitHub/midterms-2026-forecast/Election_Model_v30_Publication.html
